timestamp,type,provider_name,event_id,task,PID,PPID,Message,Command Line,FilePath,VName,Sig Seq,Sig Sha,AS Version,AV Version,Engine Version,stack_trace,Id,Path,Process,Reason,ThreadTime,BiggestOffsetWritten,CreationTime,FirstOffsetWritten,LastOffsetWritten,NumberOfWrites,ProcessId,SmallestOffsetWritten,TotalSizeOfAppends,TotalSizeOfWrites,AttrId,AttrSeq,AttrSubset,IsMultiProcDetection,IsMultiProcMatch,MatchedThreatsNumber,action,key,result,vault,FeatureId,FirstParam,SecondParam,Classification,EventType,FileID,FileUSN,Info,Result,ScanSource,CacheName,Data,StartStop,DeltaCPU,DeltaWall,EngineId,Source,filepath,flags,flags2high,flags2low,oldFlags,oldFlags2high,oldFlags2low,BasePath,CommandLine,Flags,IntegrityLevel,ParentPID,ImagePath,ProcessContextId,AccessMask,WasHardened,SigSeq,SigSha,ImageName,TTID,StartQPC,ProcessImagePath,ReasonImagePath,TaintReason,OldFileName,Count,TerminationTime,Channel,EventId,
"2025-08-24 10:33:12.690Z","ETW","Microsoft-Antimalware-Engine",4,"Versions Info ",1912,,,,,,,,"1.435.359.0","1.435.359.0","1.1.25070.4",[],,,,,,,,,,,,,,,,,,,,,,,,,,,,,,,,,,,,,,,,,,,,,,,,,,,,,,,,,,,,,,,,,,,,,,,
"2025-08-24 10:33:12.690Z","ETW","Microsoft-Antimalware-Engine",71,"Behavior Monitoring BmFileCreateEx",4,,,,,,,,,,,[],,,,,,,,,,,,,,,,,,,,,,,,,,,,,,,,,,,,,,,,,,,,,,,,,,,,,,,,,,,,,,,,,,,,,,,
"2025-08-24 10:33:13.178Z","ETW","Microsoft-Antimalware-Engine",5,"Stream scan request Start ",2212,,,,,,,,,,,[],815307703,"C:\Users\hacker\AppData\Roaming\Microsoft\Windows\PowerShell\PSReadLine\ConsoleHost_history.txt","C:\Windows\System32\WindowsPowerShell\v1.0\powershell.exe",2,176250000,,,,,,,,,,,,,,,,,,,,,,,,,,,,,,,,,,,,,,,,,,,,,,,,,,,,,,,,,,,,,,,,,,
"2025-08-24 10:33:13.178Z","ETW","Microsoft-Antimalware-Engine",7,"Skipped file Info ",1912,,,,,,,,,,,[],,"C:\Users\hacker\AppData\Roaming\Microsoft\Windows\PowerShell\PSReadLine\ConsoleHost_history.txt",,"Log skip",,,,,,,,,,,,,,,,,,,,,,,,,,,,,,,,,,,,,,,,,,,,,,,,,,,,,,,,,,,,,,,,,,,
"2025-08-24 10:33:13.178Z","ETW","Microsoft-Antimalware-Engine",6,"Stream scan request Stop ",2212,,,,,,,,,,,[],815307703,"C:\Users\hacker\AppData\Roaming\Microsoft\Windows\PowerShell\PSReadLine\ConsoleHost_history.txt","C:\Windows\System32\WindowsPowerShell\v1.0\powershell.exe",2,176250000,,,,,,,,,,,,,,,,,,,,,,,,,,,,,,,,,,,,,,,,,,,,,,,,,,,,,,,,,,,,,,,,,,
"2025-08-24 10:33:13.179Z","ETW","Microsoft-Antimalware-Engine",5,"Stream scan request Start ",2212,,,,,,,,,,,[],815307704,"C:\Users\hacker\AppData\Roaming\Microsoft\Windows\PowerShell\PSReadLine\ConsoleHost_history.txt","C:\Windows\System32\WindowsPowerShell\v1.0\powershell.exe",5,176250000,,,,,,,,,,,,,,,,,,,,,,,,,,,,,,,,,,,,,,,,,,,,,,,,,,,,,,,,,,,,,,,,,,
"2025-08-24 10:33:13.179Z","ETW","Microsoft-Antimalware-Engine",7,"Skipped file Info ",1912,,,,,,,,,,,[],,"C:\Users\hacker\AppData\Roaming\Microsoft\Windows\PowerShell\PSReadLine\ConsoleHost_history.txt",,"Log skip",,,,,,,,,,,,,,,,,,,,,,,,,,,,,,,,,,,,,,,,,,,,,,,,,,,,,,,,,,,,,,,,,,,
"2025-08-24 10:33:13.179Z","ETW","Microsoft-Antimalware-Engine",6,"Stream scan request Stop ",2212,,,,,,,,,,,[],815307704,"C:\Users\hacker\AppData\Roaming\Microsoft\Windows\PowerShell\PSReadLine\ConsoleHost_history.txt","C:\Windows\System32\WindowsPowerShell\v1.0\powershell.exe",5,176250000,,,,,,,,,,,,,,,,,,,,,,,,,,,,,,,,,,,,,,,,,,,,,,,,,,,,,,,,,,,,,,,,,,
"2025-08-24 10:33:13.179Z","ETW","Microsoft-Antimalware-Engine",72,"Behavior Monitoring BmFileChangeEx",2212,,,,,,,,,,,[],,,,,,,,,,,,,,,,,,,,,,,,,,,,,,,,,,,,,,,,,,,,,,,,,,,,,,,,,,,,,,,,,,,,,,,
"2025-08-24 10:33:13.179Z","ETW","Microsoft-Antimalware-Engine",95,"Behavior Monitoring BmFileOverwrite",1912,,,,,,,,,,,[],,,,,,23848,134003264054180820,23823,23848,1,2212,23823,26,26,,,,,,,,,,,,,,,,,,,,,,,,,,,,,,,,,,,,,,,,,,,,,,,,,,,,,,,,,
"2025-08-24 10:33:13.179Z","ETW","Microsoft-Antimalware-Engine",111,"Behavior Monitoring BmNotificationHandleStart",2212,,,,,,,,,,,[],,,,,,,,,,,,,,,16385,725015,0,,,,,,,,,,,,,,,,,,,,,,,,,,,,,,,,,,,,,,,,,,,,,,,,,,,,,,
"2025-08-24 10:33:13.179Z","ETW","Microsoft-Antimalware-Engine",112,"Behavior Monitoring BmNotificationHandleStop",2212,,,,,,,,,,,[],,,,,,,,,,,,,,,16385,725015,0,false,false,0,,,,,,,,,,,,,,,,,,,,,,,,,,,,,,,,,,,,,,,,,,,,,,,,,,,
"2025-08-24 10:33:13.179Z","ETW","Microsoft-Antimalware-Engine",44,"MetaStoreTaskMetaStoreAction",1912,,,,,,,,,,,[],,,,,,,,,,,,,,,,,,,,,"query",8314265981392996026,2147943568,3,,,,,,,,,,,,,,,,,,,,,,,,,,,,,,,,,,,,,,,,,,,,,,,
"2025-08-24 10:33:13.180Z","ETW","Microsoft-Antimalware-Engine",5,"Stream scan request Start ",4294967295,,,,,,,,,,,[],815307705,"MemScanVfz-AMSI-18B43CE0-9A2A-4BF8-1686-435D74B3BBE9","PowerShell_C:\Windows\System32\WindowsPowerShell\v1.0\powershell.exe_10.0.26100.1",12,304687500,,,,,,,,,,,,,,,,,,,,,,,,,,,,,,,,,,,,,,,,,,,,,,,,,,,,,,,,,,,,,,,,,,
"2025-08-24 10:33:13.180Z","ETW","Microsoft-Antimalware-Engine",104,"Behavior Monitoring BmInternal",2212,,,,,,,,,,,[],,,,,,,,,,,,,,,,,,,,,,,,,21,"AmsiScan","n/a",,,,,,,,,,,,,,,,,,,,,,,,,,,,,,,,,,,,,,,,,,,,
"2025-08-24 10:33:13.180Z","ETW","Microsoft-Antimalware-Engine",111,"Behavior Monitoring BmNotificationHandleStart",2212,,,,,,,,,,,[],,,,,,,,,,,,,,,16471,0,0,,,,,,,,,,,,,,,,,,,,,,,,,,,,,,,,,,,,,,,,,,,,,,,,,,,,,,
"2025-08-24 10:33:13.180Z","ETW","Microsoft-Antimalware-Engine",112,"Behavior Monitoring BmNotificationHandleStop",2212,,,,,,,,,,,[],,,,,,,,,,,,,,,16471,0,0,false,false,0,,,,,,,,,,,,,,,,,,,,,,,,,,,,,,,,,,,,,,,,,,,,,,,,,,,
"2025-08-24 10:33:13.180Z","ETW","Microsoft-Antimalware-Engine",6,"Stream scan request Stop ",4294967295,,,,,,,,,,,[],815307705,"MemScanVfz-AMSI-18B43CE0-9A2A-4BF8-1686-435D74B3BBE9","PowerShell_C:\Windows\System32\WindowsPowerShell\v1.0\powershell.exe_10.0.26100.1",12,304687500,,,,,,,,,,,,,,,,,,,,,,,,,,,,,,,,,,,,,,,,,,,,,,,,,,,,,,,,,,,,,,,,,,
"2025-08-24 10:33:13.182Z","ETW","Microsoft-Antimalware-Engine",36,"Cache MOACLookup",1912,,,,,,,,,,,[],,,,,,,,,,,,,,,,,,,,,,,,,,,,1,56,618283,1701628952,"","0x8002",0,,,,,,,,,,,,,,,,,,,,,,,,,,,,,,,,,,,,,
"2025-08-24 10:33:13.182Z","ETW","Microsoft-Antimalware-Engine",36,"Cache MOACLookup",1912,,,,,,,,,,,[],,,,,,,,,,,,,,,,,,,,,,,,,,,,2,56,618283,1701628952,"","0x8002",0,,,,,,,,,,,,,,,,,,,,,,,,,,,,,,,,,,,,,
"2025-08-24 10:33:13.182Z","ETW","Microsoft-Antimalware-Engine",36,"Cache MOACLookup",1912,,,,,,,,,,,[],,,,,,,,,,,,,,,,,,,,,,,,,,,,128,56,618283,1701628952,"","0x8002",0,,,,,,,,,,,,,,,,,,,,,,,,,,,,,,,,,,,,,
"2025-08-24 10:33:13.182Z","ETW","Microsoft-Antimalware-Engine",38,"Cache CacheLookup",1912,,,,,,,,,,,[],,,,,,,,,,,,,,,,,,,,,,,,,,,,,,,,,"MISS",,"USN Cache",,,,,,,,,,,,,,,,,,,,,,,,,,,,,,,,,,,,
"2025-08-24 10:33:13.183Z","ETW","Microsoft-Antimalware-Engine",43,"ExpensiveOperationTaskExpensiveOperationBegin",1912,,"NRIOnForProcess",,,,,,,,,[],,,,,176250000,,,,,,,,,,,,,,,,,,,,,,,,,,,,,,,1023,true,,,,,,,,,,,,,,,,,,,,,,,,,,,,,,,,,,
"2025-08-24 10:33:13.183Z","ETW","Microsoft-Antimalware-Engine",67,"ExpensiveOperationTaskExpensiveOperationEnd",1912,,"NRIOnForProcess",,,,,,,,,[],,,,,176250000,,,,,,,,,,,,,,,,,,,,,,,,,,,,,,,1023,false,0,0,,,,,,,,,,,,,,,,,,,,,,,,,,,,,,,,
"2025-08-24 10:33:13.183Z","ETW","Microsoft-Antimalware-Engine",73,"Behavior Monitoring ProcessMonitorFlags",18596,,,,,,,,,,,[],,,,,,,134005051931825946,,,,,,,,,,,,,,,,,,,,,,,,,,,,,,,,,140732973121536,"SyncStart","C:\Users\hacker\source\repos\EDR-Introspection\x64\Release\Injector.exe","0x400003FF","0x0","0x44","0x0","0x0","0x0",,,,,,,,,,,,,,,,,,,,,,,
"2025-08-24 10:33:13.183Z","ETW","Microsoft-Antimalware-Engine",70,"Behavior Monitoring BmProcessCreate",18596,,,,,,,,,,,[],,,,,,,,,,,,,,,,,,,,,,,,,,,,,,,,,,,,,,,,,,,,,,,,,"C:\Users\hacker\source\repos\EDR-Introspection\x64\Release\Injector.exe",""C:\Users\hacker\source\repos\EDR-Introspection\x64\Release\Injector.exe" --no-wait",33554432,8192,2212,,,,,,,,,,,,,,,,,,
"2025-08-24 10:33:13.183Z","ETW","Microsoft-Antimalware-Engine",109,"Behavior Monitoring BmProcessContextStart",18596,,,,,,,,,,,[],,,,,,,,,,,,,,,,,,,,,,,,,,,,,,,,,,,,,,,,,,,,,,,,,,,,,,"C:\Users\hacker\source\repos\EDR-Introspection\x64\Release\Injector.exe",2340865354080,,,,,,,,,,,,,,,,
"2025-08-24 10:33:13.183Z","ETW","Microsoft-Antimalware-Engine",111,"Behavior Monitoring BmNotificationHandleStart",2212,,,,,,,,,,,[],,,,,,,,,,,,,,,16400,725016,0,,,,,,,,,,,,,,,,,,,,,,,,,,,,,,,,,,,,,,,,,,,,,,,,,,,,,,
"2025-08-24 10:33:13.183Z","ETW","Microsoft-Antimalware-Engine",53,"Behavior Monitoring BmOpenProcess",2212,18596,,,,,,,,,,[],,,,,,,,,,,,,,,,,,,,,,,,,,,,,,,,,,,,,,,,,,,,,,,,,,,,,,,,2097151,false,,,,,,,,,,,,,,
"2025-08-24 10:33:13.184Z","ETW","Microsoft-Antimalware-Engine",112,"Behavior Monitoring BmNotificationHandleStop",2212,,,,,,,,,,,[],,,,,,,,,,,,,,,16400,725016,0,false,false,0,,,,,,,,,,,,,,,,,,,,,,,,,,,,,,,,,,,,,,,,,,,,,,,,,,,
"2025-08-24 10:33:13.184Z","ETW","Microsoft-Antimalware-Engine",44,"MetaStoreTaskMetaStoreAction",1912,,,,,,,,,,,[],,,,,,,,,,,,,,,,,,,,,"query",13623044605528879322,2147943568,3,,,,,,,,,,,,,,,,,,,,,,,,,,,,,,,,,,,,,,,,,,,,,,,
"2025-08-24 10:33:13.184Z","ETW","Microsoft-Antimalware-Engine",104,"Behavior Monitoring BmInternal",18596,,,,,,,,,,,[],,,,,,,,,,,,,,,,,,,,,,,,,35,"Parent","n/a",,,,,,,,,,,,,,,,,,,,,,,,,,,,,,,,,,,,,,,,,,,,
"2025-08-24 10:33:13.184Z","ETW","Microsoft-Antimalware-Engine",111,"Behavior Monitoring BmNotificationHandleStart",2212,,,,,,,,,,,[],,,,,,,,,,,,,,,16427,725017,0,,,,,,,,,,,,,,,,,,,,,,,,,,,,,,,,,,,,,,,,,,,,,,,,,,,,,,
"2025-08-24 10:33:13.184Z","ETW","Microsoft-Antimalware-Engine",112,"Behavior Monitoring BmNotificationHandleStop",2212,,,,,,,,,,,[],,,,,,,,,,,,,,,16427,725017,0,false,false,0,,,,,,,,,,,,,,,,,,,,,,,,,,,,,,,,,,,,,,,,,,,,,,,,,,,
"2025-08-24 10:33:13.184Z","ETW","Microsoft-Antimalware-Engine",11,"Behavior Monitoring BmModuleLoad",18596,,,,,,,,,,,[],,,,,,,,,,,,,,,,,,,,,,,,,,,,,,,,,,,,,,,,,,,,,,,,,,,,,,"C:\Users\hacker\source\repos\EDR-Introspection\x64\Release\Injector.exe",,,,,,,,,,,,,,,,,
"2025-08-24 10:33:13.184Z","ETW","Microsoft-Antimalware-Engine",43,"ExpensiveOperationTaskExpensiveOperationBegin",1912,,"BM InitializeFriendlyStatus::IsKnownFriendly()",,,,,,,,,[],,,,,6093750,,,,,,,,,,,,,,,,,,,,,,,,,,,,,,,18596,true,,,,,,,,,,,,,,,,,,,,,,,,,,,,,,,,,,
"2025-08-24 10:33:13.184Z","ETW","Microsoft-Antimalware-Engine",67,"ExpensiveOperationTaskExpensiveOperationEnd",1912,,"BM InitializeFriendlyStatus::IsKnownFriendly()",,,,,,,,,[],,,,,6093750,,,,,,,,,,,,,,,,,,,,,,,,,,,,,,,18596,false,0,0,,,,,,,,,,,,,,,,,,,,,,,,,,,,,,,,
"2025-08-24 10:33:13.184Z","ETW","Microsoft-Antimalware-Engine",111,"Behavior Monitoring BmNotificationHandleStart",18596,,,,,,,,,,,[],,,,,,,,,,,,,,,16401,725016,0,,,,,,,,,,,,,,,,,,,,,,,,,,,,,,,,,,,,,,,,,,,,,,,,,,,,,,
"2025-08-24 10:33:13.184Z","ETW","Microsoft-Antimalware-Engine",11,"Behavior Monitoring BmModuleLoad",18596,,,,,,,,,,,[],,,,,,,,,,,,,,,,,,,,,,,,,,,,,,,,,,,,,,,,,,,,,,,,,,,,,,"C:\Windows\System32\ntdll.dll",,,,,,,,,,,,,,,,,
"2025-08-24 10:33:13.185Z","ETW","Microsoft-Antimalware-Engine",53,"Behavior Monitoring BmOpenProcess",2212,18596,,,,,,,,,,[],,,,,,,,,,,,,,,,,,,,,,,,,,,,,,,,,,,,,,,,,,,,,,,,,,,,,,,,2097151,false,,,,,,,,,,,,,,
"2025-08-24 10:33:13.185Z","ETW","Microsoft-Antimalware-Engine",111,"Behavior Monitoring BmNotificationHandleStart",2212,,,,,,,,,,,[],,,,,,,,,,,,,,,16427,725020,0,,,,,,,,,,,,,,,,,,,,,,,,,,,,,,,,,,,,,,,,,,,,,,,,,,,,,,
"2025-08-24 10:33:13.185Z","ETW","Microsoft-Antimalware-Engine",112,"Behavior Monitoring BmNotificationHandleStop",2212,,,,,,,,,,,[],,,,,,,,,,,,,,,16427,725020,0,false,false,0,,,,,,,,,,,,,,,,,,,,,,,,,,,,,,,,,,,,,,,,,,,,,,,,,,,
"2025-08-24 10:33:13.185Z","ETW","Microsoft-Antimalware-Engine",11,"Behavior Monitoring BmModuleLoad",18596,,,,,,,,,,,[],,,,,,,,,,,,,,,,,,,,,,,,,,,,,,,,,,,,,,,,,,,,,,,,,,,,,,"C:\Windows\System32\kernel32.dll",,,,,,,,,,,,,,,,,
"2025-08-24 10:33:13.186Z","ETW","Microsoft-Antimalware-Engine",11,"Behavior Monitoring BmModuleLoad",18596,,,,,,,,,,,[],,,,,,,,,,,,,,,,,,,,,,,,,,,,,,,,,,,,,,,,,,,,,,,,,,,,,,"C:\Windows\System32\KernelBase.dll",,,,,,,,,,,,,,,,,
"2025-08-24 10:33:13.186Z","ETW","Microsoft-Antimalware-Engine",44,"MetaStoreTaskMetaStoreAction",1912,,,,,,,,,,,[],,,,,,,,,,,,,,,,,,,,,"query",14200961848238912743,0,3,,,,,,,,,,,,,,,,,,,,,,,,,,,,,,,,,,,,,,,,,,,,,,,
"2025-08-24 10:33:13.186Z","ETW","Microsoft-Antimalware-Engine",59,"Message Info ",1912,,,,,"!#BMLowfiTrigger.A",,,,,,[],,,,,,,,,,,,,,,,,,,,,,,,,,,,,,,,,0,,,,,,,,,,,,,,,,,,,,,,,,,"0xDBB39B890BFC","4dbf7bd615cfae8829011e03de200a1bc0bab7d3",,,,,,,,,,,,
"2025-08-24 10:33:13.186Z","ETW","Microsoft-Antimalware-Engine",53,"Behavior Monitoring BmOpenProcess",8132,18596,,,,,,,,,,[],,,,,,,,,,,,,,,,,,,,,,,,,,,,,,,,,,,,,,,,,,,,,,,,,,,,,,,,2097151,false,,,,,,,,,,,,,,
"2025-08-24 10:33:13.186Z","ETW","Microsoft-Antimalware-Engine",112,"Behavior Monitoring BmNotificationHandleStop",18596,,,,,,,,,,,[],,,,,,,,,,,,,,,16401,725016,0,false,true,0,,,,,,,,,,,,,,,,,,,,,,,,,,,,,,,,,,,,,,,,,,,,,,,,,,,
"2025-08-24 10:33:13.186Z","ETW","Microsoft-Antimalware-Engine",44,"MetaStoreTaskMetaStoreAction",1912,,,,,,,,,,,[],,,,,,,,,,,,,,,,,,,,,"query",13623044605528879322,2147943568,3,,,,,,,,,,,,,,,,,,,,,,,,,,,,,,,,,,,,,,,,,,,,,,,
"2025-08-24 10:33:13.186Z","ETW","Microsoft-Antimalware-Engine",44,"MetaStoreTaskMetaStoreAction",1912,,,,,,,,,,,[],,,,,,,,,,,,,,,,,,,,,"exists",4747128350595713166,0,7,,,,,,,,,,,,,,,,,,,,,,,,,,,,,,,,,,,,,,,,,,,,,,,
"2025-08-24 10:33:13.187Z","ETW","Microsoft-Antimalware-Engine",111,"Behavior Monitoring BmNotificationHandleStart",18596,,,,,,,,,,,[],,,,,,,,,,,,,,,16407,725016,0,,,,,,,,,,,,,,,,,,,,,,,,,,,,,,,,,,,,,,,,,,,,,,,,,,,,,,
"2025-08-24 10:33:13.187Z","ETW","Microsoft-Antimalware-Engine",112,"Behavior Monitoring BmNotificationHandleStop",18596,,,,,,,,,,,[],,,,,,,,,,,,,,,16407,725016,0,false,false,0,,,,,,,,,,,,,,,,,,,,,,,,,,,,,,,,,,,,,,,,,,,,,,,,,,,
"2025-08-24 10:33:13.187Z","ETW","Microsoft-Antimalware-Engine",111,"Behavior Monitoring BmNotificationHandleStart",18596,,,,,,,,,,,[],,,,,,,,,,,,,,,16526,0,0,,,,,,,,,,,,,,,,,,,,,,,,,,,,,,,,,,,,,,,,,,,,,,,,,,,,,,
"2025-08-24 10:33:13.187Z","ETW","Microsoft-Antimalware-Engine",112,"Behavior Monitoring BmNotificationHandleStop",18596,,,,,,,,,,,[],,,,,,,,,,,,,,,16526,0,0,false,true,0,,,,,,,,,,,,,,,,,,,,,,,,,,,,,,,,,,,,,,,,,,,,,,,,,,,
"2025-08-24 10:33:13.187Z","ETW","Microsoft-Antimalware-Engine",111,"Behavior Monitoring BmNotificationHandleStart",18596,,,,,,,,,,,[],,,,,,,,,,,,,,,16404,725019,0,,,,,,,,,,,,,,,,,,,,,,,,,,,,,,,,,,,,,,,,,,,,,,,,,,,,,,
"2025-08-24 10:33:13.187Z","ETW","Microsoft-Antimalware-Engine",112,"Behavior Monitoring BmNotificationHandleStop",18596,,,,,,,,,,,[],,,,,,,,,,,,,,,16404,725019,0,false,true,0,,,,,,,,,,,,,,,,,,,,,,,,,,,,,,,,,,,,,,,,,,,,,,,,,,,
"2025-08-24 10:33:13.187Z","ETW","Microsoft-Antimalware-Engine",111,"Behavior Monitoring BmNotificationHandleStart",18596,,,,,,,,,,,[],,,,,,,,,,,,,,,16404,725021,0,,,,,,,,,,,,,,,,,,,,,,,,,,,,,,,,,,,,,,,,,,,,,,,,,,,,,,
"2025-08-24 10:33:13.187Z","ETW","Microsoft-Antimalware-Engine",112,"Behavior Monitoring BmNotificationHandleStop",18596,,,,,,,,,,,[],,,,,,,,,,,,,,,16404,725021,0,false,false,0,,,,,,,,,,,,,,,,,,,,,,,,,,,,,,,,,,,,,,,,,,,,,,,,,,,
"2025-08-24 10:33:13.187Z","ETW","Microsoft-Antimalware-Engine",111,"Behavior Monitoring BmNotificationHandleStart",18596,,,,,,,,,,,[],,,,,,,,,,,,,,,16404,725022,0,,,,,,,,,,,,,,,,,,,,,,,,,,,,,,,,,,,,,,,,,,,,,,,,,,,,,,
"2025-08-24 10:33:13.187Z","ETW","Microsoft-Antimalware-Engine",112,"Behavior Monitoring BmNotificationHandleStop",18596,,,,,,,,,,,[],,,,,,,,,,,,,,,16404,725022,0,false,false,0,,,,,,,,,,,,,,,,,,,,,,,,,,,,,,,,,,,,,,,,,,,,,,,,,,,
"2025-08-24 10:33:13.187Z","ETW","Microsoft-Antimalware-Engine",111,"Behavior Monitoring BmNotificationHandleStart",8132,,,,,,,,,,,[],,,,,,,,,,,,,,,16427,725023,0,,,,,,,,,,,,,,,,,,,,,,,,,,,,,,,,,,,,,,,,,,,,,,,,,,,,,,
"2025-08-24 10:33:13.187Z","ETW","Microsoft-Antimalware-Engine",112,"Behavior Monitoring BmNotificationHandleStop",8132,,,,,,,,,,,[],,,,,,,,,,,,,,,16427,725023,0,false,false,0,,,,,,,,,,,,,,,,,,,,,,,,,,,,,,,,,,,,,,,,,,,,,,,,,,,
"2025-08-24 10:33:13.187Z","ETW","Microsoft-Antimalware-Engine",111,"Behavior Monitoring BmNotificationHandleStart",2212,,,,,,,,,,,[],,,,,,,,,,,,,,,16526,0,1,,,,,,,,,,,,,,,,,,,,,,,,,,,,,,,,,,,,,,,,,,,,,,,,,,,,,,
"2025-08-24 10:33:13.187Z","ETW","Microsoft-Antimalware-Engine",112,"Behavior Monitoring BmNotificationHandleStop",2212,,,,,,,,,,,[],,,,,,,,,,,,,,,16526,0,1,false,false,0,,,,,,,,,,,,,,,,,,,,,,,,,,,,,,,,,,,,,,,,,,,,,,,,,,,
"2025-08-24 10:33:13.187Z","ETW","Microsoft-Antimalware-Engine",111,"Behavior Monitoring BmNotificationHandleStart",2212,,,,,,,,,,,[],,,,,,,,,,,,,,,16404,725019,1,,,,,,,,,,,,,,,,,,,,,,,,,,,,,,,,,,,,,,,,,,,,,,,,,,,,,,
"2025-08-24 10:33:13.187Z","ETW","Microsoft-Antimalware-Engine",112,"Behavior Monitoring BmNotificationHandleStop",2212,,,,,,,,,,,[],,,,,,,,,,,,,,,16404,725019,1,false,false,0,,,,,,,,,,,,,,,,,,,,,,,,,,,,,,,,,,,,,,,,,,,,,,,,,,,
"2025-08-24 10:33:13.187Z","Attack","Injector",1337,"Injector started with PID 18596",0,,,,,,,,,,,,,,,,,,,,,,,,,,,,,,,,,,,,,,,,,,,,,,,,,,,,,,,,,,,,,,,,,,,,,,,,,,,,,,,,,,
"2025-08-24 10:33:13.188Z","ETW","Microsoft-Antimalware-Engine",11,"Behavior Monitoring BmModuleLoad",18596,,,,,,,,,,,[],,,,,,,,,,,,,,,,,,,,,,,,,,,,,,,,,,,,,,,,,,,,,,,,,,,,,,"C:\Windows\System32\ucrtbase.dll",,,,,,,,,,,,,,,,,
"2025-08-24 10:33:13.188Z","ETW","Microsoft-Antimalware-Engine",111,"Behavior Monitoring BmNotificationHandleStart",18596,,,,,,,,,,,[],,,,,,,,,,,,,,,16404,725024,0,,,,,,,,,,,,,,,,,,,,,,,,,,,,,,,,,,,,,,,,,,,,,,,,,,,,,,
"2025-08-24 10:33:13.188Z","ETW","Microsoft-Antimalware-Engine",112,"Behavior Monitoring BmNotificationHandleStop",18596,,,,,,,,,,,[],,,,,,,,,,,,,,,16404,725024,0,false,false,0,,,,,,,,,,,,,,,,,,,,,,,,,,,,,,,,,,,,,,,,,,,,,,,,,,,
"2025-08-24 10:33:13.188Z","ETW","Microsoft-Antimalware-Engine",11,"Behavior Monitoring BmModuleLoad",18596,,,,,,,,,,,[],,,,,,,,,,,,,,,,,,,,,,,,,,,,,,,,,,,,,,,,,,,,,,,,,,,,,,"C:\Windows\System32\vcruntime140_1.dll",,,,,,,,,,,,,,,,,
"2025-08-24 10:33:13.188Z","ETW","Microsoft-Antimalware-Engine",111,"Behavior Monitoring BmNotificationHandleStart",18596,,,,,,,,,,,[],,,,,,,,,,,,,,,16404,725025,0,,,,,,,,,,,,,,,,,,,,,,,,,,,,,,,,,,,,,,,,,,,,,,,,,,,,,,
"2025-08-24 10:33:13.188Z","ETW","Microsoft-Antimalware-Engine",11,"Behavior Monitoring BmModuleLoad",18596,,,,,,,,,,,[],,,,,,,,,,,,,,,,,,,,,,,,,,,,,,,,,,,,,,,,,,,,,,,,,,,,,,"C:\Windows\System32\msvcp140.dll",,,,,,,,,,,,,,,,,
"2025-08-24 10:33:13.188Z","ETW","Microsoft-Antimalware-Engine",112,"Behavior Monitoring BmNotificationHandleStop",18596,,,,,,,,,,,[],,,,,,,,,,,,,,,16404,725025,0,false,false,0,,,,,,,,,,,,,,,,,,,,,,,,,,,,,,,,,,,,,,,,,,,,,,,,,,,
"2025-08-24 10:33:13.188Z","ETW","Microsoft-Antimalware-Engine",44,"MetaStoreTaskMetaStoreAction",1912,,,,,,,,,,,[],,,,,,,,,,,,,,,,,,,,,"query",2384485134870983941,2147943568,3,,,,,,,,,,,,,,,,,,,,,,,,,,,,,,,,,,,,,,,,,,,,,,,
"2025-08-24 10:33:13.188Z","ETW","Microsoft-Antimalware-Engine",11,"Behavior Monitoring BmModuleLoad",18596,,,,,,,,,,,[],,,,,,,,,,,,,,,,,,,,,,,,,,,,,,,,,,,,,,,,,,,,,,,,,,,,,,"C:\Windows\System32\vcruntime140.dll",,,,,,,,,,,,,,,,,
"2025-08-24 10:33:13.188Z","ETW","Microsoft-Antimalware-Engine",111,"Behavior Monitoring BmNotificationHandleStart",18596,,,,,,,,,,,[],,,,,,,,,,,,,,,16404,725026,0,,,,,,,,,,,,,,,,,,,,,,,,,,,,,,,,,,,,,,,,,,,,,,,,,,,,,,
"2025-08-24 10:33:13.188Z","ETW","Microsoft-Antimalware-Engine",11,"Behavior Monitoring BmModuleLoad",18596,,,,,,,,,,,[],,,,,,,,,,,,,,,,,,,,,,,,,,,,,,,,,,,,,,,,,,,,,,,,,,,,,,"C:\Windows\System32\vcruntime140.dll",,,,,,,,,,,,,,,,,
"2025-08-24 10:33:13.188Z","ETW","Microsoft-Antimalware-Engine",112,"Behavior Monitoring BmNotificationHandleStop",18596,,,,,,,,,,,[],,,,,,,,,,,,,,,16404,725026,0,false,false,0,,,,,,,,,,,,,,,,,,,,,,,,,,,,,,,,,,,,,,,,,,,,,,,,,,,
"2025-08-24 10:33:13.188Z","ETW","Microsoft-Antimalware-Engine",44,"MetaStoreTaskMetaStoreAction",1912,,,,,,,,,,,[],,,,,,,,,,,,,,,,,,,,,"query",10178711581376758355,2147943568,3,,,,,,,,,,,,,,,,,,,,,,,,,,,,,,,,,,,,,,,,,,,,,,,
"2025-08-24 10:33:13.188Z","ETW","Microsoft-Antimalware-Engine",111,"Behavior Monitoring BmNotificationHandleStart",18596,,,,,,,,,,,[],,,,,,,,,,,,,,,16404,725027,0,,,,,,,,,,,,,,,,,,,,,,,,,,,,,,,,,,,,,,,,,,,,,,,,,,,,,,
"2025-08-24 10:33:13.188Z","ETW","Microsoft-Antimalware-Engine",11,"Behavior Monitoring BmModuleLoad",18596,,,,,,,,,,,[],,,,,,,,,,,,,,,,,,,,,,,,,,,,,,,,,,,,,,,,,,,,,,,,,,,,,,"C:\Windows\System32\vcruntime140.dll",,,,,,,,,,,,,,,,,
"2025-08-24 10:33:13.188Z","ETW","Microsoft-Antimalware-Engine",112,"Behavior Monitoring BmNotificationHandleStop",18596,,,,,,,,,,,[],,,,,,,,,,,,,,,16404,725027,0,false,false,0,,,,,,,,,,,,,,,,,,,,,,,,,,,,,,,,,,,,,,,,,,,,,,,,,,,
"2025-08-24 10:33:13.188Z","ETW","Microsoft-Antimalware-Engine",44,"MetaStoreTaskMetaStoreAction",1912,,,,,,,,,,,[],,,,,,,,,,,,,,,,,,,,,"query",7788421145603251340,2147943568,3,,,,,,,,,,,,,,,,,,,,,,,,,,,,,,,,,,,,,,,,,,,,,,,
"2025-08-24 10:33:13.188Z","ETW","Microsoft-Antimalware-Engine",111,"Behavior Monitoring BmNotificationHandleStart",18596,,,,,,,,,,,[],,,,,,,,,,,,,,,16404,725028,0,,,,,,,,,,,,,,,,,,,,,,,,,,,,,,,,,,,,,,,,,,,,,,,,,,,,,,
"2025-08-24 10:33:13.188Z","ETW","Microsoft-Antimalware-Engine",112,"Behavior Monitoring BmNotificationHandleStop",18596,,,,,,,,,,,[],,,,,,,,,,,,,,,16404,725028,0,false,false,0,,,,,,,,,,,,,,,,,,,,,,,,,,,,,,,,,,,,,,,,,,,,,,,,,,,
"2025-08-24 10:33:13.188Z","ETW","Microsoft-Antimalware-Engine",44,"MetaStoreTaskMetaStoreAction",1912,,,,,,,,,,,[],,,,,,,,,,,,,,,,,,,,,"query",7788421145603251340,2147943568,3,,,,,,,,,,,,,,,,,,,,,,,,,,,,,,,,,,,,,,,,,,,,,,,
"2025-08-24 10:33:13.188Z","ETW","Microsoft-Antimalware-Engine",111,"Behavior Monitoring BmNotificationHandleStart",18596,,,,,,,,,,,[],,,,,,,,,,,,,,,16404,725029,0,,,,,,,,,,,,,,,,,,,,,,,,,,,,,,,,,,,,,,,,,,,,,,,,,,,,,,
"2025-08-24 10:33:13.188Z","ETW","Microsoft-Antimalware-Engine",112,"Behavior Monitoring BmNotificationHandleStop",18596,,,,,,,,,,,[],,,,,,,,,,,,,,,16404,725029,0,false,false,0,,,,,,,,,,,,,,,,,,,,,,,,,,,,,,,,,,,,,,,,,,,,,,,,,,,
"2025-08-24 10:33:13.188Z","ETW","Microsoft-Antimalware-Engine",44,"MetaStoreTaskMetaStoreAction",1912,,,,,,,,,,,[],,,,,,,,,,,,,,,,,,,,,"query",7788421145603251340,2147943568,3,,,,,,,,,,,,,,,,,,,,,,,,,,,,,,,,,,,,,,,,,,,,,,,
"2025-08-24 10:33:13.189Z","ETW","Microsoft-Antimalware-Engine",11,"Behavior Monitoring BmModuleLoad",18596,,,,,,,,,,,[],,,,,,,,,,,,,,,,,,,,,,,,,,,,,,,,,,,,,,,,,,,,,,,,,,,,,,"C:\Windows\System32\sechost.dll",,,,,,,,,,,,,,,,,
"2025-08-24 10:33:13.189Z","ETW","Microsoft-Antimalware-Engine",111,"Behavior Monitoring BmNotificationHandleStart",18596,,,,,,,,,,,[],,,,,,,,,,,,,,,16404,725030,0,,,,,,,,,,,,,,,,,,,,,,,,,,,,,,,,,,,,,,,,,,,,,,,,,,,,,,
"2025-08-24 10:33:13.189Z","ETW","Microsoft-Antimalware-Engine",112,"Behavior Monitoring BmNotificationHandleStop",18596,,,,,,,,,,,[],,,,,,,,,,,,,,,16404,725030,0,false,false,0,,,,,,,,,,,,,,,,,,,,,,,,,,,,,,,,,,,,,,,,,,,,,,,,,,,
"2025-08-24 10:33:13.189Z","ETW","Microsoft-Antimalware-Engine",11,"Behavior Monitoring BmModuleLoad",18596,,,,,,,,,,,[],,,,,,,,,,,,,,,,,,,,,,,,,,,,,,,,,,,,,,,,,,,,,,,,,,,,,,"C:\Windows\System32\ApiSetHost.AppExecutionAlias.dll",,,,,,,,,,,,,,,,,
"2025-08-24 10:33:13.189Z","ETW","Microsoft-Antimalware-Engine",111,"Behavior Monitoring BmNotificationHandleStart",18596,,,,,,,,,,,[],,,,,,,,,,,,,,,16404,725031,0,,,,,,,,,,,,,,,,,,,,,,,,,,,,,,,,,,,,,,,,,,,,,,,,,,,,,,
"2025-08-24 10:33:13.189Z","ETW","Microsoft-Antimalware-Engine",112,"Behavior Monitoring BmNotificationHandleStop",18596,,,,,,,,,,,[],,,,,,,,,,,,,,,16404,725031,0,false,false,0,,,,,,,,,,,,,,,,,,,,,,,,,,,,,,,,,,,,,,,,,,,,,,,,,,,
"2025-08-24 10:33:13.189Z","ETW","Microsoft-Antimalware-Engine",11,"Behavior Monitoring BmModuleLoad",18596,,,,,,,,,,,[],,,,,,,,,,,,,,,,,,,,,,,,,,,,,,,,,,,,,,,,,,,,,,,,,,,,,,"C:\Windows\System32\combase.dll",,,,,,,,,,,,,,,,,
"2025-08-24 10:33:13.189Z","ETW","Microsoft-Antimalware-Engine",44,"MetaStoreTaskMetaStoreAction",1912,,,,,,,,,,,[],,,,,,,,,,,,,,,,,,,,,"query",12740381230238460080,2147943568,3,,,,,,,,,,,,,,,,,,,,,,,,,,,,,,,,,,,,,,,,,,,,,,,
"2025-08-24 10:33:13.189Z","ETW","Microsoft-Antimalware-Engine",36,"Cache MOACLookup",1912,,,,,,,,,,,[],,,,,,,,,,,,,,,,,,,,,,,,,,,,1,56,294684,899629816,"","0x8001",0,,,,,,,,,,,,,,,,,,,,,,,,,,,,,,,,,,,,,
"2025-08-24 10:33:13.189Z","ETW","Microsoft-Antimalware-Engine",111,"Behavior Monitoring BmNotificationHandleStart",18596,,,,,,,,,,,[],,,,,,,,,,,,,,,16404,725032,0,,,,,,,,,,,,,,,,,,,,,,,,,,,,,,,,,,,,,,,,,,,,,,,,,,,,,,
"2025-08-24 10:33:13.189Z","ETW","Microsoft-Antimalware-Engine",112,"Behavior Monitoring BmNotificationHandleStop",18596,,,,,,,,,,,[],,,,,,,,,,,,,,,16404,725032,0,false,false,0,,,,,,,,,,,,,,,,,,,,,,,,,,,,,,,,,,,,,,,,,,,,,,,,,,,
"2025-08-24 10:33:13.190Z","ETW","Microsoft-Antimalware-Engine",11,"Behavior Monitoring BmModuleLoad",18596,,,,,,,,,,,[],,,,,,,,,,,,,,,,,,,,,,,,,,,,,,,,,,,,,,,,,,,,,,,,,,,,,,"C:\Windows\System32\rpcrt4.dll",,,,,,,,,,,,,,,,,
"2025-08-24 10:33:13.190Z","ETW","Microsoft-Antimalware-Engine",111,"Behavior Monitoring BmNotificationHandleStart",18596,,,,,,,,,,,[],,,,,,,,,,,,,,,16404,725033,0,,,,,,,,,,,,,,,,,,,,,,,,,,,,,,,,,,,,,,,,,,,,,,,,,,,,,,
"2025-08-24 10:33:13.190Z","ETW","Microsoft-Antimalware-Engine",11,"Behavior Monitoring BmModuleLoad",18596,,,,,,,,,,,[],,,,,,,,,,,,,,,,,,,,,,,,,,,,,,,,,,,,,,,,,,,,,,,,,,,,,,"C:\Windows\System32\msvcp_win.dll",,,,,,,,,,,,,,,,,
"2025-08-24 10:33:13.190Z","ETW","Microsoft-Antimalware-Engine",112,"Behavior Monitoring BmNotificationHandleStop",18596,,,,,,,,,,,[],,,,,,,,,,,,,,,16404,725033,0,false,false,0,,,,,,,,,,,,,,,,,,,,,,,,,,,,,,,,,,,,,,,,,,,,,,,,,,,
"2025-08-24 10:33:13.190Z","ETW","Microsoft-Antimalware-Engine",111,"Behavior Monitoring BmNotificationHandleStart",18596,,,,,,,,,,,[],,,,,,,,,,,,,,,16404,725034,0,,,,,,,,,,,,,,,,,,,,,,,,,,,,,,,,,,,,,,,,,,,,,,,,,,,,,,
"2025-08-24 10:33:13.190Z","ETW","Microsoft-Antimalware-Engine",11,"Behavior Monitoring BmModuleLoad",18596,,,,,,,,,,,[],,,,,,,,,,,,,,,,,,,,,,,,,,,,,,,,,,,,,,,,,,,,,,,,,,,,,,"C:\Windows\System32\profapi.dll",,,,,,,,,,,,,,,,,
"2025-08-24 10:33:13.190Z","ETW","Microsoft-Antimalware-Engine",112,"Behavior Monitoring BmNotificationHandleStop",18596,,,,,,,,,,,[],,,,,,,,,,,,,,,16404,725034,0,false,false,0,,,,,,,,,,,,,,,,,,,,,,,,,,,,,,,,,,,,,,,,,,,,,,,,,,,
"2025-08-24 10:33:13.190Z","ETW","Microsoft-Antimalware-Engine",111,"Behavior Monitoring BmNotificationHandleStart",18596,,,,,,,,,,,[],,,,,,,,,,,,,,,16404,725035,0,,,,,,,,,,,,,,,,,,,,,,,,,,,,,,,,,,,,,,,,,,,,,,,,,,,,,,
"2025-08-24 10:33:13.190Z","ETW","Microsoft-Antimalware-Engine",112,"Behavior Monitoring BmNotificationHandleStop",18596,,,,,,,,,,,[],,,,,,,,,,,,,,,16404,725035,0,false,false,0,,,,,,,,,,,,,,,,,,,,,,,,,,,,,,,,,,,,,,,,,,,,,,,,,,,
"2025-08-24 10:33:13.191Z","ETW","Microsoft-Antimalware-Engine",11,"Behavior Monitoring BmModuleLoad",18596,,,,,,,,,,,[],,,,,,,,,,,,,,,,,,,,,,,,,,,,,,,,,,,,,,,,,,,,,,,,,,,,,,"C:\Windows\System32\windows.storage.dll",,,,,,,,,,,,,,,,,
"2025-08-24 10:33:13.191Z","ETW","Microsoft-Antimalware-Engine",111,"Behavior Monitoring BmNotificationHandleStart",18596,,,,,,,,,,,[],,,,,,,,,,,,,,,16404,725036,0,,,,,,,,,,,,,,,,,,,,,,,,,,,,,,,,,,,,,,,,,,,,,,,,,,,,,,
"2025-08-24 10:33:13.191Z","ETW","Microsoft-Antimalware-Engine",112,"Behavior Monitoring BmNotificationHandleStop",18596,,,,,,,,,,,[],,,,,,,,,,,,,,,16404,725036,0,false,false,0,,,,,,,,,,,,,,,,,,,,,,,,,,,,,,,,,,,,,,,,,,,,,,,,,,,
"2025-08-24 10:33:13.191Z","ETW","Microsoft-Antimalware-Engine",11,"Behavior Monitoring BmModuleLoad",18596,,,,,,,,,,,[],,,,,,,,,,,,,,,,,,,,,,,,,,,,,,,,,,,,,,,,,,,,,,,,,,,,,,"C:\Windows\System32\advapi32.dll",,,,,,,,,,,,,,,,,
"2025-08-24 10:33:13.191Z","ETW","Microsoft-Antimalware-Engine",36,"Cache MOACLookup",1912,,,,,,,,,,,[],,,,,,,,,,,,,,,,,,,,,,,,,,,,1,56,304238,898281168,"","0x8001",0,,,,,,,,,,,,,,,,,,,,,,,,,,,,,,,,,,,,,
"2025-08-24 10:33:13.191Z","ETW","Microsoft-Antimalware-Engine",111,"Behavior Monitoring BmNotificationHandleStart",18596,,,,,,,,,,,[],,,,,,,,,,,,,,,16404,725037,0,,,,,,,,,,,,,,,,,,,,,,,,,,,,,,,,,,,,,,,,,,,,,,,,,,,,,,
"2025-08-24 10:33:13.191Z","ETW","Microsoft-Antimalware-Engine",112,"Behavior Monitoring BmNotificationHandleStop",18596,,,,,,,,,,,[],,,,,,,,,,,,,,,16404,725037,0,false,false,0,,,,,,,,,,,,,,,,,,,,,,,,,,,,,,,,,,,,,,,,,,,,,,,,,,,
"2025-08-24 10:33:13.191Z","ETW","Microsoft-Antimalware-Engine",11,"Behavior Monitoring BmModuleLoad",18596,,,,,,,,,,,[],,,,,,,,,,,,,,,,,,,,,,,,,,,,,,,,,,,,,,,,,,,,,,,,,,,,,,"C:\Windows\System32\msvcrt.dll",,,,,,,,,,,,,,,,,
"2025-08-24 10:33:13.191Z","ETW","Microsoft-Antimalware-Engine",111,"Behavior Monitoring BmNotificationHandleStart",18596,,,,,,,,,,,[],,,,,,,,,,,,,,,16404,725038,0,,,,,,,,,,,,,,,,,,,,,,,,,,,,,,,,,,,,,,,,,,,,,,,,,,,,,,
"2025-08-24 10:33:13.191Z","ETW","Microsoft-Antimalware-Engine",112,"Behavior Monitoring BmNotificationHandleStop",18596,,,,,,,,,,,[],,,,,,,,,,,,,,,16404,725038,0,false,false,0,,,,,,,,,,,,,,,,,,,,,,,,,,,,,,,,,,,,,,,,,,,,,,,,,,,
"2025-08-24 10:33:13.192Z","ETW","Microsoft-Antimalware-Engine",11,"Behavior Monitoring BmModuleLoad",18596,,,,,,,,,,,[],,,,,,,,,,,,,,,,,,,,,,,,,,,,,,,,,,,,,,,,,,,,,,,,,,,,,,"C:\Windows\System32\SHCore.dll",,,,,,,,,,,,,,,,,
"2025-08-24 10:33:13.192Z","ETW","Microsoft-Antimalware-Engine",111,"Behavior Monitoring BmNotificationHandleStart",18596,,,,,,,,,,,[],,,,,,,,,,,,,,,16404,725039,0,,,,,,,,,,,,,,,,,,,,,,,,,,,,,,,,,,,,,,,,,,,,,,,,,,,,,,
"2025-08-24 10:33:13.192Z","ETW","Microsoft-Antimalware-Engine",112,"Behavior Monitoring BmNotificationHandleStop",18596,,,,,,,,,,,[],,,,,,,,,,,,,,,16404,725039,0,false,false,0,,,,,,,,,,,,,,,,,,,,,,,,,,,,,,,,,,,,,,,,,,,,,,,,,,,
"2025-08-24 10:33:13.192Z","ETW","Microsoft-Antimalware-Engine",11,"Behavior Monitoring BmModuleLoad",18596,,,,,,,,,,,[],,,,,,,,,,,,,,,,,,,,,,,,,,,,,,,,,,,,,,,,,,,,,,,,,,,,,,"C:\Windows\System32\shlwapi.dll",,,,,,,,,,,,,,,,,
"2025-08-24 10:33:13.192Z","ETW","Microsoft-Antimalware-Engine",111,"Behavior Monitoring BmNotificationHandleStart",18596,,,,,,,,,,,[],,,,,,,,,,,,,,,16404,725040,0,,,,,,,,,,,,,,,,,,,,,,,,,,,,,,,,,,,,,,,,,,,,,,,,,,,,,,
"2025-08-24 10:33:13.192Z","ETW","Microsoft-Antimalware-Engine",112,"Behavior Monitoring BmNotificationHandleStop",18596,,,,,,,,,,,[],,,,,,,,,,,,,,,16404,725040,0,false,false,0,,,,,,,,,,,,,,,,,,,,,,,,,,,,,,,,,,,,,,,,,,,,,,,,,,,
"2025-08-24 10:33:13.192Z","ETW","Microsoft-Antimalware-Engine",36,"Cache MOACLookup",1912,,,,,,,,,,,[],,,,,,,,,,,,,,,,,,,,,,,,,,,,1,56,308339,898238544,"","0x8001",0,,,,,,,,,,,,,,,,,,,,,,,,,,,,,,,,,,,,,
"2025-08-24 10:33:13.194Z","ETW","Microsoft-Antimalware-Engine",53,"Behavior Monitoring BmOpenProcess",5620,18596,,,,,,,,,,[],,,,,,,,,,,,,,,,,,,,,,,,,,,,,,,,,,,,,,,,,,,,,,,,,,,,,,,,1053888,false,,,,,,,,,,,,,,
"2025-08-24 10:33:13.194Z","ETW","Microsoft-Antimalware-Engine",111,"Behavior Monitoring BmNotificationHandleStart",5620,,,,,,,,,,,[],,,,,,,,,,,,,,,16427,725041,0,,,,,,,,,,,,,,,,,,,,,,,,,,,,,,,,,,,,,,,,,,,,,,,,,,,,,,
"2025-08-24 10:33:13.194Z","ETW","Microsoft-Antimalware-Engine",112,"Behavior Monitoring BmNotificationHandleStop",5620,,,,,,,,,,,[],,,,,,,,,,,,,,,16427,725041,0,false,false,0,,,,,,,,,,,,,,,,,,,,,,,,,,,,,,,,,,,,,,,,,,,,,,,,,,,
"2025-08-24 10:33:13.199Z","ETW","Microsoft-Antimalware-Engine",11,"Behavior Monitoring BmModuleLoad",18596,,,,,,,,,,,[],,,,,,,,,,,,,,,,,,,,,,,,,,,,,,,,,,,,,,,,,,,,,,,,,,,,,,"C:\Windows\System32\kernel.appcore.dll",,,,,,,,,,,,,,,,,
"2025-08-24 10:33:13.199Z","ETW","Microsoft-Antimalware-Engine",111,"Behavior Monitoring BmNotificationHandleStart",18596,,,,,,,,,,,[],,,,,,,,,,,,,,,16404,725042,0,,,,,,,,,,,,,,,,,,,,,,,,,,,,,,,,,,,,,,,,,,,,,,,,,,,,,,
"2025-08-24 10:33:13.199Z","ETW","Microsoft-Antimalware-Engine",112,"Behavior Monitoring BmNotificationHandleStop",18596,,,,,,,,,,,[],,,,,,,,,,,,,,,16404,725042,0,false,false,0,,,,,,,,,,,,,,,,,,,,,,,,,,,,,,,,,,,,,,,,,,,,,,,,,,,
"2025-08-24 10:33:13.200Z","ETW","Microsoft-Antimalware-Engine",11,"Behavior Monitoring BmModuleLoad",18596,,,,,,,,,,,[],,,,,,,,,,,,,,,,,,,,,,,,,,,,,,,,,,,,,,,,,,,,,,,,,,,,,,"C:\Windows\System32\daxexec.dll",,,,,,,,,,,,,,,,,
"2025-08-24 10:33:13.200Z","ETW","Microsoft-Antimalware-Engine",111,"Behavior Monitoring BmNotificationHandleStart",18596,,,,,,,,,,,[],,,,,,,,,,,,,,,16404,725043,0,,,,,,,,,,,,,,,,,,,,,,,,,,,,,,,,,,,,,,,,,,,,,,,,,,,,,,
"2025-08-24 10:33:13.200Z","ETW","Microsoft-Antimalware-Engine",112,"Behavior Monitoring BmNotificationHandleStop",18596,,,,,,,,,,,[],,,,,,,,,,,,,,,16404,725043,0,false,false,0,,,,,,,,,,,,,,,,,,,,,,,,,,,,,,,,,,,,,,,,,,,,,,,,,,,
"2025-08-24 10:33:13.200Z","ETW","Microsoft-Antimalware-Engine",44,"MetaStoreTaskMetaStoreAction",1912,,,,,,,,,,,[],,,,,,,,,,,,,,,,,,,,,"query",15205372958720451998,2147943568,3,,,,,,,,,,,,,,,,,,,,,,,,,,,,,,,,,,,,,,,,,,,,,,,
"2025-08-24 10:33:13.200Z","ETW","Microsoft-Antimalware-Engine",36,"Cache MOACLookup",1912,,,,,,,,,,,[],,,,,,,,,,,,,,,,,,,,,,,,,,,,1,56,294690,899585928,"","0x8001",0,,,,,,,,,,,,,,,,,,,,,,,,,,,,,,,,,,,,,
"2025-08-24 10:33:13.200Z","ETW","Microsoft-Antimalware-Engine",11,"Behavior Monitoring BmModuleLoad",18596,,,,,,,,,,,[],,,,,,,,,,,,,,,,,,,,,,,,,,,,,,,,,,,,,,,,,,,,,,,,,,,,,,"C:\Windows\System32\oleaut32.dll",,,,,,,,,,,,,,,,,
"2025-08-24 10:33:13.200Z","ETW","Microsoft-Antimalware-Engine",111,"Behavior Monitoring BmNotificationHandleStart",18596,,,,,,,,,,,[],,,,,,,,,,,,,,,16404,725044,0,,,,,,,,,,,,,,,,,,,,,,,,,,,,,,,,,,,,,,,,,,,,,,,,,,,,,,
"2025-08-24 10:33:13.200Z","ETW","Microsoft-Antimalware-Engine",112,"Behavior Monitoring BmNotificationHandleStop",18596,,,,,,,,,,,[],,,,,,,,,,,,,,,16404,725044,0,false,false,0,,,,,,,,,,,,,,,,,,,,,,,,,,,,,,,,,,,,,,,,,,,,,,,,,,,
"2025-08-24 10:33:13.200Z","ETW","Microsoft-Antimalware-Engine",11,"Behavior Monitoring BmModuleLoad",18596,,,,,,,,,,,[],,,,,,,,,,,,,,,,,,,,,,,,,,,,,,,,,,,,,,,,,,,,,,,,,,,,,,"C:\Windows\System32\container.dll",,,,,,,,,,,,,,,,,
"2025-08-24 10:33:13.200Z","ETW","Microsoft-Antimalware-Engine",111,"Behavior Monitoring BmNotificationHandleStart",18596,,,,,,,,,,,[],,,,,,,,,,,,,,,16404,725045,0,,,,,,,,,,,,,,,,,,,,,,,,,,,,,,,,,,,,,,,,,,,,,,,,,,,,,,
"2025-08-24 10:33:13.200Z","ETW","Microsoft-Antimalware-Engine",112,"Behavior Monitoring BmNotificationHandleStop",18596,,,,,,,,,,,[],,,,,,,,,,,,,,,16404,725045,0,false,false,0,,,,,,,,,,,,,,,,,,,,,,,,,,,,,,,,,,,,,,,,,,,,,,,,,,,
"2025-08-24 10:33:13.200Z","ETW","Microsoft-Antimalware-Engine",44,"MetaStoreTaskMetaStoreAction",1912,,,,,,,,,,,[],,,,,,,,,,,,,,,,,,,,,"query",7118519216890882660,2147943568,3,,,,,,,,,,,,,,,,,,,,,,,,,,,,,,,,,,,,,,,,,,,,,,,
"2025-08-24 10:33:13.200Z","ETW","Microsoft-Antimalware-Engine",36,"Cache MOACLookup",1912,,,,,,,,,,,[],,,,,,,,,,,,,,,,,,,,,,,,,,,,1,56,296806,899586016,"","0x8001",0,,,,,,,,,,,,,,,,,,,,,,,,,,,,,,,,,,,,,
"2025-08-24 10:33:13.201Z","ETW","Microsoft-Antimalware-Engine",11,"Behavior Monitoring BmModuleLoad",18596,,,,,,,,,,,[],,,,,,,,,,,,,,,,,,,,,,,,,,,,,,,,,,,,,,,,,,,,,,,,,,,,,,"C:\Windows\System32\bcryptprimitives.dll",,,,,,,,,,,,,,,,,
"2025-08-24 10:33:13.201Z","ETW","Microsoft-Antimalware-Engine",111,"Behavior Monitoring BmNotificationHandleStart",18596,,,,,,,,,,,[],,,,,,,,,,,,,,,16404,725046,0,,,,,,,,,,,,,,,,,,,,,,,,,,,,,,,,,,,,,,,,,,,,,,,,,,,,,,
"2025-08-24 10:33:13.201Z","ETW","Microsoft-Antimalware-Engine",112,"Behavior Monitoring BmNotificationHandleStop",18596,,,,,,,,,,,[],,,,,,,,,,,,,,,16404,725046,0,false,false,0,,,,,,,,,,,,,,,,,,,,,,,,,,,,,,,,,,,,,,,,,,,,,,,,,,,
"2025-08-24 10:33:13.202Z","ETW","Microsoft-Antimalware-Engine",11,"Behavior Monitoring BmModuleLoad",18596,,,,,,,,,,,[],,,,,,,,,,,,,,,,,,,,,,,,,,,,,,,,,,,,,,,,,,,,,,,,,,,,,,"C:\Windows\System32\clbcatq.dll",,,,,,,,,,,,,,,,,
"2025-08-24 10:33:13.202Z","ETW","Microsoft-Antimalware-Engine",111,"Behavior Monitoring BmNotificationHandleStart",18596,,,,,,,,,,,[],,,,,,,,,,,,,,,16404,725047,0,,,,,,,,,,,,,,,,,,,,,,,,,,,,,,,,,,,,,,,,,,,,,,,,,,,,,,
"2025-08-24 10:33:13.202Z","ETW","Microsoft-Antimalware-Engine",112,"Behavior Monitoring BmNotificationHandleStop",18596,,,,,,,,,,,[],,,,,,,,,,,,,,,16404,725047,0,false,false,0,,,,,,,,,,,,,,,,,,,,,,,,,,,,,,,,,,,,,,,,,,,,,,,,,,,
"2025-08-24 10:33:13.205Z","ETW","Microsoft-Antimalware-Engine",11,"Behavior Monitoring BmModuleLoad",18596,,,,,,,,,,,[],,,,,,,,,,,,,,,,,,,,,,,,,,,,,,,,,,,,,,,,,,,,,,,,,,,,,,"C:\Windows\System32\Windows.StateRepositoryPS.dll",,,,,,,,,,,,,,,,,
"2025-08-24 10:33:13.205Z","ETW","Microsoft-Antimalware-Engine",111,"Behavior Monitoring BmNotificationHandleStart",18596,,,,,,,,,,,[],,,,,,,,,,,,,,,16404,725048,0,,,,,,,,,,,,,,,,,,,,,,,,,,,,,,,,,,,,,,,,,,,,,,,,,,,,,,
"2025-08-24 10:33:13.205Z","ETW","Microsoft-Antimalware-Engine",112,"Behavior Monitoring BmNotificationHandleStop",18596,,,,,,,,,,,[],,,,,,,,,,,,,,,16404,725048,0,false,false,0,,,,,,,,,,,,,,,,,,,,,,,,,,,,,,,,,,,,,,,,,,,,,,,,,,,
"2025-08-24 10:33:13.205Z","ETW","Microsoft-Antimalware-Engine",36,"Cache MOACLookup",1912,,,,,,,,,,,[],,,,,,,,,,,,,,,,,,,,,,,,,,,,1,56,316363,898383344,"","0x8001",0,,,,,,,,,,,,,,,,,,,,,,,,,,,,,,,,,,,,,
"2025-08-24 10:33:13.207Z","ETW","Microsoft-Antimalware-Engine",11,"Behavior Monitoring BmModuleLoad",18596,,,,,,,,,,,[],,,,,,,,,,,,,,,,,,,,,,,,,,,,,,,,,,,,,,,,,,,,,,,,,,,,,,"C:\Windows\System32\AppxAllUserStore.dll",,,,,,,,,,,,,,,,,
"2025-08-24 10:33:13.207Z","ETW","Microsoft-Antimalware-Engine",111,"Behavior Monitoring BmNotificationHandleStart",18596,,,,,,,,,,,[],,,,,,,,,,,,,,,16404,725049,0,,,,,,,,,,,,,,,,,,,,,,,,,,,,,,,,,,,,,,,,,,,,,,,,,,,,,,
"2025-08-24 10:33:13.207Z","ETW","Microsoft-Antimalware-Engine",112,"Behavior Monitoring BmNotificationHandleStop",18596,,,,,,,,,,,[],,,,,,,,,,,,,,,16404,725049,0,false,false,0,,,,,,,,,,,,,,,,,,,,,,,,,,,,,,,,,,,,,,,,,,,,,,,,,,,
"2025-08-24 10:33:13.207Z","ETW","Microsoft-Antimalware-Engine",36,"Cache MOACLookup",1912,,,,,,,,,,,[],,,,,,,,,,,,,,,,,,,,,,,,,,,,1,56,294972,899523176,"","0x8001",0,,,,,,,,,,,,,,,,,,,,,,,,,,,,,,,,,,,,,
"2025-08-24 10:33:13.207Z","ETW","Microsoft-Antimalware-Engine",11,"Behavior Monitoring BmModuleLoad",18596,,,,,,,,,,,[],,,,,,,,,,,,,,,,,,,,,,,,,,,,,,,,,,,,,,,,,,,,,,,,,,,,,,"C:\Windows\System32\Windows.StateRepositoryClient.dll",,,,,,,,,,,,,,,,,
"2025-08-24 10:33:13.207Z","ETW","Microsoft-Antimalware-Engine",111,"Behavior Monitoring BmNotificationHandleStart",18596,,,,,,,,,,,[],,,,,,,,,,,,,,,16404,725050,0,,,,,,,,,,,,,,,,,,,,,,,,,,,,,,,,,,,,,,,,,,,,,,,,,,,,,,
"2025-08-24 10:33:13.207Z","ETW","Microsoft-Antimalware-Engine",112,"Behavior Monitoring BmNotificationHandleStop",18596,,,,,,,,,,,[],,,,,,,,,,,,,,,16404,725050,0,false,false,0,,,,,,,,,,,,,,,,,,,,,,,,,,,,,,,,,,,,,,,,,,,,,,,,,,,
"2025-08-24 10:33:13.207Z","ETW","Microsoft-Antimalware-Engine",36,"Cache MOACLookup",1912,,,,,,,,,,,[],,,,,,,,,,,,,,,,,,,,,,,,,,,,1,56,316359,898261968,"","0x8001",0,,,,,,,,,,,,,,,,,,,,,,,,,,,,,,,,,,,,,
"2025-08-24 10:33:13.208Z","ETW","Microsoft-Antimalware-Engine",11,"Behavior Monitoring BmModuleLoad",18596,,,,,,,,,,,[],,,,,,,,,,,,,,,,,,,,,,,,,,,,,,,,,,,,,,,,,,,,,,,,,,,,,,"C:\Windows\System32\Windows.StateRepositoryCore.dll",,,,,,,,,,,,,,,,,
"2025-08-24 10:33:13.208Z","ETW","Microsoft-Antimalware-Engine",111,"Behavior Monitoring BmNotificationHandleStart",18596,,,,,,,,,,,[],,,,,,,,,,,,,,,16404,725051,0,,,,,,,,,,,,,,,,,,,,,,,,,,,,,,,,,,,,,,,,,,,,,,,,,,,,,,
"2025-08-24 10:33:13.208Z","ETW","Microsoft-Antimalware-Engine",112,"Behavior Monitoring BmNotificationHandleStop",18596,,,,,,,,,,,[],,,,,,,,,,,,,,,16404,725051,0,false,false,0,,,,,,,,,,,,,,,,,,,,,,,,,,,,,,,,,,,,,,,,,,,,,,,,,,,
"2025-08-24 10:33:13.208Z","ETW","Microsoft-Antimalware-Engine",36,"Cache MOACLookup",1912,,,,,,,,,,,[],,,,,,,,,,,,,,,,,,,,,,,,,,,,1,56,316357,898261624,"","0x8001",0,,,,,,,,,,,,,,,,,,,,,,,,,,,,,,,,,,,,,
"2025-08-24 10:33:13.208Z","ETW","Microsoft-Antimalware-Engine",11,"Behavior Monitoring BmModuleLoad",18596,,,,,,,,,,,[],,,,,,,,,,,,,,,,,,,,,,,,,,,,,,,,,,,,,,,,,,,,,,,,,,,,,,"C:\Windows\System32\capauthz.dll",,,,,,,,,,,,,,,,,
"2025-08-24 10:33:13.208Z","ETW","Microsoft-Antimalware-Engine",111,"Behavior Monitoring BmNotificationHandleStart",18596,,,,,,,,,,,[],,,,,,,,,,,,,,,16404,725052,0,,,,,,,,,,,,,,,,,,,,,,,,,,,,,,,,,,,,,,,,,,,,,,,,,,,,,,
"2025-08-24 10:33:13.208Z","ETW","Microsoft-Antimalware-Engine",112,"Behavior Monitoring BmNotificationHandleStop",18596,,,,,,,,,,,[],,,,,,,,,,,,,,,16404,725052,0,false,false,0,,,,,,,,,,,,,,,,,,,,,,,,,,,,,,,,,,,,,,,,,,,,,,,,,,,
"2025-08-24 10:33:13.209Z","ETW","Microsoft-Antimalware-Engine",36,"Cache MOACLookup",1912,,,,,,,,,,,[],,,,,,,,,,,,,,,,,,,,,,,,,,,,1,56,293795,899528400,"","0x8001",0,,,,,,,,,,,,,,,,,,,,,,,,,,,,,,,,,,,,,
"2025-08-24 10:33:13.209Z","ETW","Microsoft-Antimalware-Engine",11,"Behavior Monitoring BmModuleLoad",18596,,,,,,,,,,,[],,,,,,,,,,,,,,,,,,,,,,,,,,,,,,,,,,,,,,,,,,,,,,,,,,,,,,"C:\Windows\System32\ntmarta.dll",,,,,,,,,,,,,,,,,
"2025-08-24 10:33:13.209Z","ETW","Microsoft-Antimalware-Engine",111,"Behavior Monitoring BmNotificationHandleStart",18596,,,,,,,,,,,[],,,,,,,,,,,,,,,16404,725053,0,,,,,,,,,,,,,,,,,,,,,,,,,,,,,,,,,,,,,,,,,,,,,,,,,,,,,,
"2025-08-24 10:33:13.209Z","ETW","Microsoft-Antimalware-Engine",112,"Behavior Monitoring BmNotificationHandleStop",18596,,,,,,,,,,,[],,,,,,,,,,,,,,,16404,725053,0,false,false,0,,,,,,,,,,,,,,,,,,,,,,,,,,,,,,,,,,,,,,,,,,,,,,,,,,,
"2025-08-24 10:33:13.213Z","ETW","Microsoft-Antimalware-Engine",44,"MetaStoreTaskMetaStoreAction",1912,,,,,,,,,,,[],,,,,,,,,,,,,,,,,,,,,"query",4613248578376896915,2147943568,3,,,,,,,,,,,,,,,,,,,,,,,,,,,,,,,,,,,,,,,,,,,,,,,
"2025-08-24 10:33:13.213Z","ETW","Microsoft-Antimalware-Engine",36,"Cache MOACLookup",1912,,,,,,,,,,,[],,,,,,,,,,,,,,,,,,,,,,,,,,,,1,56,253684,1451892408,"","0x8001",0,,,,,,,,,,,,,,,,,,,,,,,,,,,,,,,,,,,,,
"2025-08-24 10:33:13.213Z","ETW","Microsoft-Antimalware-Engine",73,"Behavior Monitoring ProcessMonitorFlags",1084,,,,,,,,,,,[],,,,,,,134005051932125277,,,,,,,,,,,,,,,,,,,,,,,,,,,,,,,,,140732973121536,"SyncStart","C:\Program Files\WindowsApps\Microsoft.WindowsNotepad_11.2506.35.0_x64__8wekyb3d8bbwe\Notepad\Notepad.exe","0x400003DF","0x0","0x44","0x0","0x0","0x0",,,,,,,,,,,,,,,,,,,,,,,
"2025-08-24 10:33:13.213Z","ETW","Microsoft-Antimalware-Engine",70,"Behavior Monitoring BmProcessCreate",1084,,,,,,,,,,,[],,,,,,,,,,,,,,,,,,,,,,,,,,,,,,,,,,,,,,,,,,,,,,,,,"C:\Program Files\WindowsApps\Microsoft.WindowsNotepad_11.2506.35.0_x64__8wekyb3d8bbwe\Notepad\Notepad.exe",""C:\Windows\System32\notepad.exe"",33554432,8192,18596,,,,,,,,,,,,,,,,,,
"2025-08-24 10:33:13.213Z","ETW","Microsoft-Antimalware-Engine",109,"Behavior Monitoring BmProcessContextStart",1084,,,,,,,,,,,[],,,,,,,,,,,,,,,,,,,,,,,,,,,,,,,,,,,,,,,,,,,,,,,,,,,,,,"C:\Program Files\WindowsApps\Microsoft.WindowsNotepad_11.2506.35.0_x64__8wekyb3d8bbwe\Notepad\Notepad.exe",2340865368160,,,,,,,,,,,,,,,,
"2025-08-24 10:33:13.213Z","ETW","Microsoft-Antimalware-Engine",111,"Behavior Monitoring BmNotificationHandleStart",18596,,,,,,,,,,,[],,,,,,,,,,,,,,,16400,725054,0,,,,,,,,,,,,,,,,,,,,,,,,,,,,,,,,,,,,,,,,,,,,,,,,,,,,,,
"2025-08-24 10:33:13.214Z","ETW","Microsoft-Antimalware-Engine",53,"Behavior Monitoring BmOpenProcess",18596,1084,,,,,,,,,,[],,,,,,,,,,,,,,,,,,,,,,,,,,,,,,,,,,,,,,,,,,,,,,,,,,,,,,,,2097151,false,,,,,,,,,,,,,,
"2025-08-24 10:33:13.215Z","ETW","Microsoft-Antimalware-Engine",112,"Behavior Monitoring BmNotificationHandleStop",18596,,,,,,,,,,,[],,,,,,,,,,,,,,,16400,725054,0,false,true,0,,,,,,,,,,,,,,,,,,,,,,,,,,,,,,,,,,,,,,,,,,,,,,,,,,,
"2025-08-24 10:33:13.215Z","ETW","Microsoft-Antimalware-Engine",44,"MetaStoreTaskMetaStoreAction",1912,,,,,,,,,,,[],,,,,,,,,,,,,,,,,,,,,"query",4613248578376896915,2147943568,3,,,,,,,,,,,,,,,,,,,,,,,,,,,,,,,,,,,,,,,,,,,,,,,
"2025-08-24 10:33:13.215Z","ETW","Microsoft-Antimalware-Engine",104,"Behavior Monitoring BmInternal",1084,,,,,,,,,,,[],,,,,,,,,,,,,,,,,,,,,,,,,35,"Parent","n/a",,,,,,,,,,,,,,,,,,,,,,,,,,,,,,,,,,,,,,,,,,,,
"2025-08-24 10:33:13.215Z","ETW","Microsoft-Antimalware-Engine",111,"Behavior Monitoring BmNotificationHandleStart",18596,,,,,,,,,,,[],,,,,,,,,,,,,,,16427,725055,0,,,,,,,,,,,,,,,,,,,,,,,,,,,,,,,,,,,,,,,,,,,,,,,,,,,,,,
"2025-08-24 10:33:13.215Z","ETW","Microsoft-Antimalware-Engine",111,"Behavior Monitoring BmNotificationHandleStart",2212,,,,,,,,,,,[],,,,,,,,,,,,,,,16400,725054,1,,,,,,,,,,,,,,,,,,,,,,,,,,,,,,,,,,,,,,,,,,,,,,,,,,,,,,
"2025-08-24 10:33:13.215Z","ETW","Microsoft-Antimalware-Engine",112,"Behavior Monitoring BmNotificationHandleStop",18596,,,,,,,,,,,[],,,,,,,,,,,,,,,16427,725055,0,false,true,0,,,,,,,,,,,,,,,,,,,,,,,,,,,,,,,,,,,,,,,,,,,,,,,,,,,
"2025-08-24 10:33:13.215Z","ETW","Microsoft-Antimalware-Engine",112,"Behavior Monitoring BmNotificationHandleStop",2212,,,,,,,,,,,[],,,,,,,,,,,,,,,16400,725054,1,false,false,0,,,,,,,,,,,,,,,,,,,,,,,,,,,,,,,,,,,,,,,,,,,,,,,,,,,
"2025-08-24 10:33:13.215Z","ETW","Microsoft-Antimalware-Engine",44,"MetaStoreTaskMetaStoreAction",1912,,,,,,,,,,,[],,,,,,,,,,,,,,,,,,,,,"query",4613248578376896915,2147943568,3,,,,,,,,,,,,,,,,,,,,,,,,,,,,,,,,,,,,,,,,,,,,,,,
"2025-08-24 10:33:13.215Z","ETW","Microsoft-Antimalware-Engine",104,"Behavior Monitoring BmInternal",1084,,,,,,,,,,,[],,,,,,,,,,,,,,,,,,,,,,,,,35,"Parent","n/a",,,,,,,,,,,,,,,,,,,,,,,,,,,,,,,,,,,,,,,,,,,,
"2025-08-24 10:33:13.215Z","ETW","Microsoft-Antimalware-Engine",111,"Behavior Monitoring BmNotificationHandleStart",2212,,,,,,,,,,,[],,,,,,,,,,,,,,,16427,725055,1,,,,,,,,,,,,,,,,,,,,,,,,,,,,,,,,,,,,,,,,,,,,,,,,,,,,,,
"2025-08-24 10:33:13.215Z","ETW","Microsoft-Antimalware-Engine",112,"Behavior Monitoring BmNotificationHandleStop",2212,,,,,,,,,,,[],,,,,,,,,,,,,,,16427,725055,1,false,false,0,,,,,,,,,,,,,,,,,,,,,,,,,,,,,,,,,,,,,,,,,,,,,,,,,,,
"2025-08-24 10:33:13.215Z","ETW","Microsoft-Antimalware-Engine",53,"Behavior Monitoring BmOpenProcess",5620,18596,,,,,,,,,,[],,,,,,,,,,,,,,,,,,,,,,,,,,,,,,,,,,,,,,,,,,,,,,,,,,,,,,,,1053888,false,,,,,,,,,,,,,,
"2025-08-24 10:33:13.215Z","ETW","Microsoft-Antimalware-Engine",111,"Behavior Monitoring BmNotificationHandleStart",5620,,,,,,,,,,,[],,,,,,,,,,,,,,,16427,725056,0,,,,,,,,,,,,,,,,,,,,,,,,,,,,,,,,,,,,,,,,,,,,,,,,,,,,,,
"2025-08-24 10:33:13.215Z","ETW","Microsoft-Antimalware-Engine",112,"Behavior Monitoring BmNotificationHandleStop",5620,,,,,,,,,,,[],,,,,,,,,,,,,,,16427,725056,0,false,false,0,,,,,,,,,,,,,,,,,,,,,,,,,,,,,,,,,,,,,,,,,,,,,,,,,,,
"2025-08-24 10:33:13.217Z","Attack","Injector",1337,"Memory allocated at address 000001E5FEAD0000",0,,,,,,,,,,,,,,,,,,,,,,,,,,,,,,,,,,,,,,,,,,,,,,,,,,,,,,,,,,,,,,,,,,,,,,,,,,,,,,,,,,
"2025-08-24 10:33:13.217Z","Attack","Injector",1337,"Shellcode written to address 000001E5FEAD0000",0,,,,,,,,,,,,,,,,,,,,,,,,,,,,,,,,,,,,,,,,,,,,,,,,,,,,,,,,,,,,,,,,,,,,,,,,,,,,,,,,,,
"2025-08-24 10:33:13.217Z","Attack","Injector",1337,"Memory protection changed to PAGE_EXECUTE_READ",0,,,,,,,,,,,,,,,,,,,,,,,,,,,,,,,,,,,,,,,,,,,,,,,,,,,,,,,,,,,,,,,,,,,,,,,,,,,,,,,,,,
"2025-08-24 10:33:13.217Z","Attack","Injector",1337,"Remote thread created successfully",0,,,,,,,,,,,,,,,,,,,,,,,,,,,,,,,,,,,,,,,,,,,,,,,,,,,,,,,,,,,,,,,,,,,,,,,,,,,,,,,,,,
"2025-08-24 10:33:13.218Z","ETW","Microsoft-Antimalware-Engine",11,"Behavior Monitoring BmModuleLoad",1084,,,,,,,,,,,[],,,,,,,,,,,,,,,,,,,,,,,,,,,,,,,,,,,,,,,,,,,,,,,,,,,,,,"C:\Program Files\WindowsApps\Microsoft.WindowsNotepad_11.2506.35.0_x64__8wekyb3d8bbwe\Notepad\Notepad.exe",,,,,,,,,,,,,,,,,
"2025-08-24 10:33:13.218Z","ETW","Microsoft-Antimalware-Engine",43,"ExpensiveOperationTaskExpensiveOperationBegin",1912,,"BM InitializeFriendlyStatus::IsKnownFriendly()",,,,,,,,,[],,,,,237812500,,,,,,,,,,,,,,,,,,,,,,,,,,,,,,,1084,true,,,,,,,,,,,,,,,,,,,,,,,,,,,,,,,,,,
"2025-08-24 10:33:13.218Z","ETW","Microsoft-Antimalware-Engine",67,"ExpensiveOperationTaskExpensiveOperationEnd",1912,,"BM InitializeFriendlyStatus::IsKnownFriendly()",,,,,,,,,[],,,,,237812500,,,,,,,,,,,,,,,,,,,,,,,,,,,,,,,1084,false,0,0,,,,,,,,,,,,,,,,,,,,,,,,,,,,,,,,
"2025-08-24 10:33:13.218Z","ETW","Microsoft-Antimalware-Engine",111,"Behavior Monitoring BmNotificationHandleStart",1084,,,,,,,,,,,[],,,,,,,,,,,,,,,16401,725054,0,,,,,,,,,,,,,,,,,,,,,,,,,,,,,,,,,,,,,,,,,,,,,,,,,,,,,,
"2025-08-24 10:33:13.218Z","ETW","Microsoft-Antimalware-Engine",11,"Behavior Monitoring BmModuleLoad",1084,,,,,,,,,,,[],,,,,,,,,,,,,,,,,,,,,,,,,,,,,,,,,,,,,,,,,,,,,,,,,,,,,,"C:\Windows\System32\ntdll.dll",,,,,,,,,,,,,,,,,
"2025-08-24 10:33:13.219Z","ETW","Microsoft-Antimalware-Engine",59,"Message Info ",1912,,,,,"Behavior:Win32/ExploitAttempt.ZA!dha",,,,,,[],,,,,,,,,,,,,,,,,,,,,,,,,,,,,,,,,0,,,,,,,,,,,,,,,,,,,,,,,,,"0x5BB3C187493B","9b9f35e3b87d39f15df8932701977e1f4f0409c6",,,,,,,,,,,,
"2025-08-24 10:33:13.219Z","ETW","Microsoft-Antimalware-Engine",112,"Behavior Monitoring BmNotificationHandleStop",1084,,,,,,,,,,,[],,,,,,,,,,,,,,,16401,725054,0,false,true,0,,,,,,,,,,,,,,,,,,,,,,,,,,,,,,,,,,,,,,,,,,,,,,,,,,,
"2025-08-24 10:33:13.219Z","ETW","Microsoft-Antimalware-Engine",44,"MetaStoreTaskMetaStoreAction",1912,,,,,,,,,,,[],,,,,,,,,,,,,,,,,,,,,"query",4613248578376896915,2147943568,3,,,,,,,,,,,,,,,,,,,,,,,,,,,,,,,,,,,,,,,,,,,,,,,
"2025-08-24 10:33:13.219Z","ETW","Microsoft-Antimalware-Engine",111,"Behavior Monitoring BmNotificationHandleStart",1084,,,,,,,,,,,[],,,,,,,,,,,,,,,16407,725054,0,,,,,,,,,,,,,,,,,,,,,,,,,,,,,,,,,,,,,,,,,,,,,,,,,,,,,,
"2025-08-24 10:33:13.219Z","ETW","Microsoft-Antimalware-Engine",112,"Behavior Monitoring BmNotificationHandleStop",1084,,,,,,,,,,,[],,,,,,,,,,,,,,,16407,725054,0,false,false,0,,,,,,,,,,,,,,,,,,,,,,,,,,,,,,,,,,,,,,,,,,,,,,,,,,,
"2025-08-24 10:33:13.219Z","ETW","Microsoft-Antimalware-Engine",111,"Behavior Monitoring BmNotificationHandleStart",1084,,,,,,,,,,,[],,,,,,,,,,,,,,,16526,0,0,,,,,,,,,,,,,,,,,,,,,,,,,,,,,,,,,,,,,,,,,,,,,,,,,,,,,,
"2025-08-24 10:33:13.220Z","ETW","Microsoft-Antimalware-Engine",5,"Stream scan request Start ",18596,,,,,,,,,,,[],815307706,"C:\Users\hacker\source\repos\EDR-Introspection\x64\Release\output.csv","C:\Users\hacker\source\repos\EDR-Introspection\x64\Release\Injector.exe",5,176406250,,,,,,,,,,,,,,,,,,,,,,,,,,,,,,,,,,,,,,,,,,,,,,,,,,,,,,,,,,,,,,,,,,
"2025-08-24 10:33:13.220Z","ETW","Microsoft-Antimalware-Engine",44,"MetaStoreTaskMetaStoreAction",1912,,,,,,,,,,,[],,,,,,,,,,,,,,,,,,,,,"remove",5285423286103275814,0,3,,,,,,,,,,,,,,,,,,,,,,,,,,,,,,,,,,,,,,,,,,,,,,,
"2025-08-24 10:33:13.220Z","ETW","Microsoft-Antimalware-Engine",112,"Behavior Monitoring BmNotificationHandleStop",1084,,,,,,,,,,,[],,,,,,,,,,,,,,,16526,0,0,false,false,0,,,,,,,,,,,,,,,,,,,,,,,,,,,,,,,,,,,,,,,,,,,,,,,,,,,
"2025-08-24 10:33:13.220Z","ETW","Microsoft-Antimalware-Engine",111,"Behavior Monitoring BmNotificationHandleStart",1084,,,,,,,,,,,[],,,,,,,,,,,,,,,16526,0,0,,,,,,,,,,,,,,,,,,,,,,,,,,,,,,,,,,,,,,,,,,,,,,,,,,,,,,
"2025-08-24 10:33:13.220Z","ETW","Microsoft-Antimalware-Engine",112,"Behavior Monitoring BmNotificationHandleStop",1084,,,,,,,,,,,[],,,,,,,,,,,,,,,16526,0,0,false,true,0,,,,,,,,,,,,,,,,,,,,,,,,,,,,,,,,,,,,,,,,,,,,,,,,,,,
"2025-08-24 10:33:13.220Z","ETW","Microsoft-Antimalware-Engine",111,"Behavior Monitoring BmNotificationHandleStart",1084,,,,,,,,,,,[],,,,,,,,,,,,,,,16526,0,0,,,,,,,,,,,,,,,,,,,,,,,,,,,,,,,,,,,,,,,,,,,,,,,,,,,,,,
"2025-08-24 10:33:13.220Z","ETW","Microsoft-Antimalware-Engine",112,"Behavior Monitoring BmNotificationHandleStop",1084,,,,,,,,,,,[],,,,,,,,,,,,,,,16526,0,0,false,true,0,,,,,,,,,,,,,,,,,,,,,,,,,,,,,,,,,,,,,,,,,,,,,,,,,,,
"2025-08-24 10:33:13.220Z","ETW","Microsoft-Antimalware-Engine",111,"Behavior Monitoring BmNotificationHandleStart",1084,,,,,,,,,,,[],,,,,,,,,,,,,,,16404,725058,0,,,,,,,,,,,,,,,,,,,,,,,,,,,,,,,,,,,,,,,,,,,,,,,,,,,,,,
"2025-08-24 10:33:13.220Z","ETW","Microsoft-Antimalware-Engine",112,"Behavior Monitoring BmNotificationHandleStop",1084,,,,,,,,,,,[],,,,,,,,,,,,,,,16404,725058,0,false,true,0,,,,,,,,,,,,,,,,,,,,,,,,,,,,,,,,,,,,,,,,,,,,,,,,,,,
"2025-08-24 10:33:13.220Z","ETW","Microsoft-Antimalware-Engine",111,"Behavior Monitoring BmNotificationHandleStart",18596,,,,,,,,,,,[],,,,,,,,,,,,,,,16526,0,1,,,,,,,,,,,,,,,,,,,,,,,,,,,,,,,,,,,,,,,,,,,,,,,,,,,,,,
"2025-08-24 10:33:13.220Z","ETW","Microsoft-Antimalware-Engine",112,"Behavior Monitoring BmNotificationHandleStop",18596,,,,,,,,,,,[],,,,,,,,,,,,,,,16526,0,1,false,false,0,,,,,,,,,,,,,,,,,,,,,,,,,,,,,,,,,,,,,,,,,,,,,,,,,,,
"2025-08-24 10:33:13.220Z","ETW","Microsoft-Antimalware-Engine",111,"Behavior Monitoring BmNotificationHandleStart",18596,,,,,,,,,,,[],,,,,,,,,,,,,,,16526,0,1,,,,,,,,,,,,,,,,,,,,,,,,,,,,,,,,,,,,,,,,,,,,,,,,,,,,,,
"2025-08-24 10:33:13.220Z","ETW","Microsoft-Antimalware-Engine",112,"Behavior Monitoring BmNotificationHandleStop",18596,,,,,,,,,,,[],,,,,,,,,,,,,,,16526,0,1,false,false,0,,,,,,,,,,,,,,,,,,,,,,,,,,,,,,,,,,,,,,,,,,,,,,,,,,,
"2025-08-24 10:33:13.220Z","ETW","Microsoft-Antimalware-Engine",111,"Behavior Monitoring BmNotificationHandleStart",18596,,,,,,,,,,,[],,,,,,,,,,,,,,,16526,0,1,,,,,,,,,,,,,,,,,,,,,,,,,,,,,,,,,,,,,,,,,,,,,,,,,,,,,,
"2025-08-24 10:33:13.220Z","ETW","Microsoft-Antimalware-Engine",112,"Behavior Monitoring BmNotificationHandleStop",18596,,,,,,,,,,,[],,,,,,,,,,,,,,,16526,0,1,false,false,0,,,,,,,,,,,,,,,,,,,,,,,,,,,,,,,,,,,,,,,,,,,,,,,,,,,
"2025-08-24 10:33:13.220Z","ETW","Microsoft-Antimalware-Engine",111,"Behavior Monitoring BmNotificationHandleStart",18596,,,,,,,,,,,[],,,,,,,,,,,,,,,16404,725058,1,,,,,,,,,,,,,,,,,,,,,,,,,,,,,,,,,,,,,,,,,,,,,,,,,,,,,,
"2025-08-24 10:33:13.221Z","ETW","Microsoft-Antimalware-Engine",112,"Behavior Monitoring BmNotificationHandleStop",18596,,,,,,,,,,,[],,,,,,,,,,,,,,,16404,725058,1,false,false,0,,,,,,,,,,,,,,,,,,,,,,,,,,,,,,,,,,,,,,,,,,,,,,,,,,,
"2025-08-24 10:33:13.221Z","ETW","Microsoft-Antimalware-Engine",53,"Behavior Monitoring BmOpenProcess",18596,1084,,,,,,,,,,[],,,,,,,,,,,,,,,,,,,,,,,,,,,,,,,,,,,,,,,,,,,,,,,,,,,,,,,,4152,false,,,,,,,,,,,,,,
"2025-08-24 10:33:13.221Z","ETW","Microsoft-Antimalware-Engine",53,"Behavior Monitoring BmOpenProcess",18596,1084,,,,,,,,,,[],,,,,,,,,,,,,,,,,,,,,,,,,,,,,,,,,,,,,,,,,,,,,,,,,,,,,,,,5122,false,,,,,,,,,,,,,,
"2025-08-24 10:33:13.221Z","ETW","Microsoft-Antimalware-Engine",29,"Behavior Monitoring BmRemoteThreadCreate",18596,1084,,,,,,,,,,[],,,,,,,,,,,,,,,,,,,,,,,,,,,,,,,,,,,,,,,,,,,,,,,,,,,,,,,,,,,,"C:\Program Files\WindowsApps\Microsoft.WindowsNotepad_11.2506.35.0_x64__8wekyb3d8bbwe\Notepad\Notepad.exe",1692,,,,,,,,,,
"2025-08-24 10:33:13.221Z","ETW","Microsoft-Antimalware-Engine",11,"Behavior Monitoring BmModuleLoad",1084,,,,,,,,,,,[],,,,,,,,,,,,,,,,,,,,,,,,,,,,,,,,,,,,,,,,,,,,,,,,,,,,,,"C:\Windows\System32\kernel32.dll",,,,,,,,,,,,,,,,,
"2025-08-24 10:33:13.221Z","ETW","Microsoft-Antimalware-Engine",111,"Behavior Monitoring BmNotificationHandleStart",18596,,,,,,,,,,,[],,,,,,,,,,,,,,,16427,725059,0,,,,,,,,,,,,,,,,,,,,,,,,,,,,,,,,,,,,,,,,,,,,,,,,,,,,,,
"2025-08-24 10:33:13.221Z","ETW","Microsoft-Antimalware-Engine",112,"Behavior Monitoring BmNotificationHandleStop",18596,,,,,,,,,,,[],,,,,,,,,,,,,,,16427,725059,0,false,false,0,,,,,,,,,,,,,,,,,,,,,,,,,,,,,,,,,,,,,,,,,,,,,,,,,,,
"2025-08-24 10:33:13.221Z","ETW","Microsoft-Antimalware-Engine",111,"Behavior Monitoring BmNotificationHandleStart",18596,,,,,,,,,,,[],,,,,,,,,,,,,,,16427,725060,0,,,,,,,,,,,,,,,,,,,,,,,,,,,,,,,,,,,,,,,,,,,,,,,,,,,,,,
"2025-08-24 10:33:13.221Z","ETW","Microsoft-Antimalware-Engine",112,"Behavior Monitoring BmNotificationHandleStop",18596,,,,,,,,,,,[],,,,,,,,,,,,,,,16427,725060,0,false,false,0,,,,,,,,,,,,,,,,,,,,,,,,,,,,,,,,,,,,,,,,,,,,,,,,,,,
"2025-08-24 10:33:13.221Z","ETW","Microsoft-Antimalware-Engine",43,"ExpensiveOperationTaskExpensiveOperationBegin",1912,,"BM VerifyIsFriendlyFile()",,,,,,,,,[],,,,,304687500,,,,,,,,,,,,,,,,,,,,,,,,,,,,,,,18596,true,,,,,,,,,,,,,,,,,,,,,,,,,,,,,,,,,,
"2025-08-24 10:33:13.221Z","ETW","Microsoft-Antimalware-Engine",43,"ExpensiveOperationTaskExpensiveOperationBegin",1912,,"VerifyIsFriendlyFile(1)",,,,,,,,,[],,,,,304687500,,,,,,,,,,,,,,,,,,,,,,,,,,,,,,,18596,true,,,,,,,,,,,,,,,,,,,,,,,,,,,,,,,,,,
"2025-08-24 10:33:13.221Z","ETW","Microsoft-Antimalware-Engine",36,"Cache MOACLookup",1912,,,,,,,,,,,[],,,,,,,,,,,,,,,,,,,,,,,,,,,,1,56,618283,1701628952,"","0x8002",0,,,,,,,,,,,,,,,,,,,,,,,,,,,,,,,,,,,,,
"2025-08-24 10:33:13.221Z","ETW","Microsoft-Antimalware-Engine",36,"Cache MOACLookup",1912,,,,,,,,,,,[],,,,,,,,,,,,,,,,,,,,,,,,,,,,2,56,618283,1701628952,"","0x8002",0,,,,,,,,,,,,,,,,,,,,,,,,,,,,,,,,,,,,,
"2025-08-24 10:33:13.221Z","ETW","Microsoft-Antimalware-Engine",36,"Cache MOACLookup",1912,,,,,,,,,,,[],,,,,,,,,,,,,,,,,,,,,,,,,,,,128,56,618283,1701628952,"","0x8002",0,,,,,,,,,,,,,,,,,,,,,,,,,,,,,,,,,,,,,
"2025-08-24 10:33:13.221Z","ETW","Microsoft-Antimalware-Engine",38,"Cache CacheLookup",1912,,,,,,,,,,,[],,,,,,,,,,,,,,,,,,,,,,,,,,,,,,,,,"MISS",,"USN Cache",,,,,,,,,,,,,,,,,,,,,,,,,,,,,,,,,,,,
"2025-08-24 10:33:13.221Z","ETW","Microsoft-Antimalware-Engine",30,"UfsScanFileTaskStart ",1912,,,,"C:\Users\hacker\source\repos\EDR-Introspection\x64\Release\Injector.exe",,,,,,,[],,,,,304687500,,,,,,,,,,,,,,,,,,,,,,,,,,,,,,,,,,,140732973121536,,,,,,,,,,,,,,,,,,,,,,,,,,,,,,,
"2025-08-24 10:33:13.222Z","ETW","Microsoft-Antimalware-Engine",43,"ExpensiveOperationTaskExpensiveOperationBegin",1912,,"GetHashes",,,,,,,,,[],,,,,304687500,,,,,,,,,,,,,,,,,,,,,,,,,,,,,,,41472,true,,,,,,,,,,,,,,,,,,,,,,,,,,,,,,,,,,
"2025-08-24 10:33:13.222Z","ETW","Microsoft-Antimalware-Engine",67,"ExpensiveOperationTaskExpensiveOperationEnd",1912,,"GetHashes",,,,,,,,,[],,,,,304687500,,,,,,,,,,,,,,,,,,,,,,,,,,,,,,,41472,false,0,0,,,,,,,,,,,,,,,,,,,,,,,,,,,,,,,,
"2025-08-24 10:33:13.222Z","ETW","Microsoft-Antimalware-Engine",43,"ExpensiveOperationTaskExpensiveOperationBegin",1912,,"GetHashes(ValidateTrust)",,,,,,,,,[],,,,,304687500,,,,,,,,,,,,,,,,,,,,,,,,,,,,,,,41472,true,,,,,,,,,,,,,,,,,,,,,,,,,,,,,,,,,,
"2025-08-24 10:33:13.222Z","ETW","Microsoft-Antimalware-Engine",67,"ExpensiveOperationTaskExpensiveOperationEnd",1912,,"GetHashes(ValidateTrust)",,,,,,,,,[],,,,,304687500,,,,,,,,,,,,,,,,,,,,,,,,,,,,,,,41472,false,0,0,,,,,,,,,,,,,,,,,,,,,,,,,,,,,,,,
"2025-08-24 10:33:13.223Z","ETW","Microsoft-Antimalware-Engine",11,"Behavior Monitoring BmModuleLoad",1084,,,,,,,,,,,[],,,,,,,,,,,,,,,,,,,,,,,,,,,,,,,,,,,,,,,,,,,,,,,,,,,,,,"C:\Windows\System32\KernelBase.dll",,,,,,,,,,,,,,,,,
"2025-08-24 10:33:13.223Z","ETW","Microsoft-Antimalware-Engine",26,"Behavior Monitoring BmProcessTerminate",18596,,,,,,,,,,,[],,,,,,,,,,,,,,,,,,,,,,,,,,,,,,,,,,,,,,,,,,,,,,,,,,,,,,,,,,,,,,,,,,,,,,,
"2025-08-24 10:33:13.223Z","ETW","Microsoft-Antimalware-Engine",73,"Behavior Monitoring ProcessMonitorFlags",18596,,,,,,,,,,,[],,,,,,,134005051931825946,,,,,,,,,,,,,,,,,,,,,,,,,,,,,,,,,140732973121536,"Termination","C:\Users\hacker\source\repos\EDR-Introspection\x64\Release\Injector.exe","0x400003FF","0x0","0x44","0x0","0x0","0x0",,,,,,,,,,,,,,,,,,,,,,,