timestamp_sys,timestamp_etw,src_type,provider_name,event_id,task_info,process_id,thread_id,ppid,pid,targetpid,targettid,message,filepath,cachename,result,vname,sigseq,sigsha,commandline,firstparam,secondparam,stackbase,stacklimit,startaddr,subprocesstag,tebbase,threadid,userstackbase,userstacklimit,win32startaddr,cycletime,createtime,flags,imagechecksum,mandatorylabel,packagefullname,packagerelativeappid,parentprocessid,parentprocesssequencenumber,processsequencenumber,processtokenelevationtype,processtokeniselevated,securitymitigations,sessionid,timedatestamp,defaultbase,imagebase,imagesize,commitcharge,commitpeak,cpucyclecount,exitcode,exittime,handlecount,hardfaultcount,readoperationcount,readtransferkilobytes,tokenelevationtype,writeoperationcount,writetransferkilobytes
"2025-10-27 14:16:51.574314200Z","2025-10-27 14:16:51.5743169Z","myETW","EDRi-Provider",4242,"EDRi-Event","10920 EDRi.exe",,,,,,"++ EDRi START MARKER ++",,,,,,,,,,,,,,,,,,,,,,,,,,,,,,,,,,,,,,,,,,,,,,,,
"2025-10-27 14:16:52.5877297Z","2025-10-27 14:16:52.5877297Z","ETW","Microsoft-Windows-Kernel-Process",3,"ThreadStartStart ","10920 EDRi.exe",11204,,," 3268 MsMpEng.exe",,,,,,,,,,,,18446605034654892032,18446605034654867456,2819651407568,0,676552032256,3264,676569022464,676568956928,2819651407568,,,,,,,,,,,,,,,,,,,,,,,,,,,,,,
"2025-10-27 14:16:52.5885751Z","2025-10-27 14:16:52.5885751Z","ETW","Microsoft-Windows-Kernel-Process",3,"ThreadStartStart "," 3268 MsMpEng.exe",3264,,," 3268 MsMpEng.exe",,,,,,,,,,,,18446605034619527168,18446605034619502592,2819651747104,0,676552040448,10068,676569546752,676569481216,2819651747104,,,,,,,,,,,,,,,,,,,,,,,,,,,,,,
"2025-10-27 14:16:52.5886934Z","2025-10-27 14:16:52.5886934Z","ETW","Microsoft-Windows-Kernel-Process",4,"ThreadStopStop "," 3268 MsMpEng.exe",3264,,," 3268 MsMpEng.exe",,,,,,,,,,,,18446605034654892032,18446605034654867456,2819651407568,0,676552032256,3264,676569022464,676568956928,2819651407568,0,,,,,,,,,,,,,,,,,,,,,,,,,,,,,
"2025-10-27 14:16:52.7481314Z","2025-10-27 14:16:52.7481314Z","ETW","Microsoft-Windows-Kernel-Process",4,"ThreadStopStop "," 3268 MsMpEng.exe",10068,,," 3268 MsMpEng.exe",,,,,,,,,,,,18446605034619527168,18446605034619502592,2819651747104,0,676552040448,10068,676569546752,676569481216,2819651747104,564635160,,,,,,,,,,,,,,,,,,,,,,,,,,,,,
"2025-10-27 14:16:53.603030400Z","2025-10-27 14:16:53.6030340Z","myETW","EDRi-Provider",4242,"EDRi-Event","10920 EDRi.exe",,,,,,"Before decrypting the attack exe from C:\Users\hacker\source\repos\EDR-Introspection\x64\Release\attacks\Injector.exe.enc",,,,,,,,,,,,,,,,,,,,,,,,,,,,,,,,,,,,,,,,,,,,,,,,
"2025-10-27 14:16:53.606225800Z","2025-10-27 14:16:53.6062283Z","myETW","EDRi-Provider",4242,"EDRi-Event","10920 EDRi.exe",,,,,,"After decrypting the attack exe",,,,,,,,,,,,,,,,,,,,,,,,,,,,,,,,,,,,,,,,,,,,,,,,
"2025-10-27 14:16:54.609442300Z","2025-10-27 14:16:54.6094481Z","myETW","EDRi-Provider",4242,"EDRi-Event","10920 EDRi.exe",,,,,,"Before starting the attack exe",,,,,,,,,,,,,,,,,,,,,,,,,,,,,,,,,,,,,,,,,,,,,,,,
"2025-10-27 14:16:55.7033430Z","2025-10-27 14:16:55.7033430Z","ETW","Microsoft-Windows-Kernel-Process",1,"ProcessStartStart ","10920 EDRi.exe",2208,,," 4076 attack-612.exe",,,"C:\Users\Public\Downloads\attack-612.exe",,,,,,,,,,,,,,,,,,,134060482157032580,0,0,"0x","","",10920,648,651,2,1,0,1,1761550891,,,,,,,,,,,,,,,
"2025-10-27 14:16:55.7073388Z","2025-10-27 14:16:55.7073388Z","ETW","Microsoft-Windows-Kernel-Process",3,"ThreadStartStart ","10920 EDRi.exe",2208,,," 4076 attack-612.exe",,,,,,,,,,,,18446605034619699200,18446605034619674624,140700710029056,0,281927880704,4236,281929580544,281929576448,140700710029056,,,,,,,,,,,,,,,,,,,,,,,,,,,,,,
"2025-10-27 14:16:55.7185110Z","2025-10-27 14:16:55.7185110Z","ETW","Microsoft-Windows-Kernel-Process",5,"ImageLoadInfo "," 4076 attack-612.exe",4236,,," 4076 attack-612.exe",,,"C:\Users\Public\Downloads\attack-612.exe",,,,,,,,,,,,,,,,,,,,,0,,,,,,,,,,,1761550891,140700710010880,140700710010880,57344,,,,,,,,,,,,
"2025-10-27 14:16:55.7185423Z","2025-10-27 14:16:55.7185423Z","ETW","Microsoft-Windows-Kernel-Process",5,"ImageLoadInfo "," 4076 attack-612.exe",4236,,," 4076 attack-612.exe",,,"C:\Windows\System32\ntdll.dll",,,,,,,,,,,,,,,,,,,,,2538757,,,,,,,,,,,592187216,140711113392128,140711113392128,2523136,,,,,,,,,,,,
"2025-10-27 14:16:55.719181200Z","2025-10-27 14:16:55.7191831Z","myETW","EDRi-Provider",4242,"EDRi-Event","10920 EDRi.exe",,,,,,"After starting the attack exe",,,,,,,,,,,,,,,,,,,,,,,,,,,,,,,,,,,,,,,,,,,,,,,,
"2025-10-27 14:16:55.7197132Z","2025-10-27 14:16:55.7197132Z","ETW","Microsoft-Windows-Kernel-Process",5,"ImageLoadInfo "," 4076 attack-612.exe",4236,,," 4076 attack-612.exe",,,"C:\Windows\System32\kernel32.dll",,,,,,,,,,,,,,,,,,,,,844151,,,,,,,,,,,1746094868,140711093010432,140711093010432,823296,,,,,,,,,,,,
"2025-10-27 14:16:55.7199370Z","2025-10-27 14:16:55.7199370Z","ETW","Microsoft-Windows-Kernel-Process",5,"ImageLoadInfo "," 4076 attack-612.exe",4236,,," 4076 attack-612.exe",,,"C:\Windows\System32\KernelBase.dll",,,,,,,,,,,,,,,,,,,,,4201576,,,,,,,,,,,1981517683,140711066140672,140711066140672,4136960,,,,,,,,,,,,
"2025-10-27 14:16:55.8020382Z","2025-10-27 14:16:55.8020382Z","ETW","Microsoft-Windows-Kernel-Process",5,"ImageLoadInfo "," 4076 attack-612.exe",4236,,," 4076 attack-612.exe",,,"C:\Windows\System32\apphelp.dll",,,,,,,,,,,,,,,,,,,,,685021,,,,,,,,,,,306558241,140711015677952,140711015677952,651264,,,,,,,,,,,,
"2025-10-27 14:16:55.8138038Z","2025-10-27 14:16:55.8138038Z","ETW","Microsoft-Windows-Kernel-Process",5,"ImageLoadInfo "," 4076 attack-612.exe",4236,,," 4076 attack-612.exe",,,"C:\Windows\System32\advapi32.dll",,,,,,,,,,,,,,,,,,,,,806569,,,,,,,,,,,3871129049,140711111098368,140711111098368,737280,,,,,,,,,,,,
"2025-10-27 14:16:55.8139598Z","2025-10-27 14:16:55.8139598Z","ETW","Microsoft-Windows-Kernel-Process",5,"ImageLoadInfo "," 4076 attack-612.exe",4236,,," 4076 attack-612.exe",,,"C:\Windows\System32\msvcrt.dll",,,,,,,,,,,,,,,,,,,,,758106,,,,,,,,,,,3198461912,140711082393600,140711082393600,692224,,,,,,,,,,,,
"2025-10-27 14:16:55.8141016Z","2025-10-27 14:16:55.8141016Z","ETW","Microsoft-Windows-Kernel-Process",3,"ThreadStartStart "," 4076 attack-612.exe",4236,,," 4076 attack-612.exe",,,,,,,,,,,,18446605034650189824,18446605034650165248,140711113874368,0,281927888896,3812,281930629120,281930625024,140711113874368,,,,,,,,,,,,,,,,,,,,,,,,,,,,,,
"2025-10-27 14:16:55.8141997Z","2025-10-27 14:16:55.8141997Z","ETW","Microsoft-Windows-Kernel-Process",5,"ImageLoadInfo "," 4076 attack-612.exe",4236,,," 4076 attack-612.exe",,,"C:\Windows\System32\sechost.dll",,,,,,,,,,,,,,,,,,,,,731199,,,,,,,,,,,117823328,140711106707456,140711106707456,679936,,,,,,,,,,,,
"2025-10-27 14:16:55.8144379Z","2025-10-27 14:16:55.8144379Z","ETW","Microsoft-Windows-Kernel-Process",3,"ThreadStartStart "," 4076 attack-612.exe",4236,,," 4076 attack-612.exe",,,,,,,,,,,,18446605034624991232,18446605034624966656,140711113874368,0,281927897088,7228,281931677696,281931673600,140711113874368,,,,,,,,,,,,,,,,,,,,,,,,,,,,,,
"2025-10-27 14:16:55.8146473Z","2025-10-27 14:16:55.8146473Z","ETW","Microsoft-Windows-Kernel-Process",5,"ImageLoadInfo "," 4076 attack-612.exe",4236,,," 4076 attack-612.exe",,,"C:\Windows\System32\rpcrt4.dll",,,,,,,,,,,,,,,,,,,,,1185784,,,,,,,,,,,3598429018,140711096156160,140711096156160,1146880,,,,,,,,,,,,
"2025-10-27 14:16:55.8150501Z","2025-10-27 14:16:55.8150501Z","ETW","Microsoft-Windows-Kernel-Process",3,"ThreadStartStart "," 4076 attack-612.exe",3812,,," 4076 attack-612.exe",,,,,,,,,,,,18446605034625597440,18446605034625572864,140711113874368,0,281927905280,3252,281932726272,281932722176,140711113874368,,,,,,,,,,,,,,,,,,,,,,,,,,,,,,
"2025-10-27 14:16:55.8150522Z","2025-10-27 14:16:55.8150522Z","ETW","Microsoft-Windows-Kernel-Process",5,"ImageLoadInfo "," 4076 attack-612.exe",4236,,," 4076 attack-612.exe",,,"C:\Windows\System32\ucrtbase.dll",,,,,,,,,,,,,,,,,,,,,1399211,,,,,,,,,,,1508749768,140711073218560,140711073218560,1355776,,,,,,,,,,,,
"2025-10-27 14:16:55.8161008Z","2025-10-27 14:16:55.8161008Z","ETW","Microsoft-Windows-Kernel-Process",5,"ImageLoadInfo "," 4076 attack-612.exe",7228,,," 4076 attack-612.exe",,,"C:\Windows\System32\vcruntime140_1.dll",,,,,,,,,,,,,,,,,,,,,57827,,,,,,,,,,,240324076,140709712887808,140709712887808,49152,,,,,,,,,,,,
"2025-10-27 14:16:55.8165190Z","2025-10-27 14:16:55.8165190Z","ETW","Microsoft-Windows-Kernel-Process",5,"ImageLoadInfo "," 4076 attack-612.exe",3252,,," 4076 attack-612.exe",,,"C:\Windows\System32\vcruntime140.dll",,,,,,,,,,,,,,,,,,,,,146072,,,,,,,,,,,254123393,140709303418880,140709303418880,122880,,,,,,,,,,,,
"2025-10-27 14:16:55.8169933Z","2025-10-27 14:16:55.8169933Z","ETW","Microsoft-Windows-Kernel-Process",5,"ImageLoadInfo "," 4076 attack-612.exe",3812,,," 4076 attack-612.exe",,,"C:\Windows\System32\msvcp140.dll",,,,,,,,,,,,,,,,,,,,,570439,,,,,,,,,,,1564323704,140709302829056,140709302829056,561152,,,,,,,,,,,,
"2025-10-27 14:16:55.820548400Z","2025-10-27 14:16:55.8205499Z","myETW","Attack-Provider",1337,"Attack-Provider"," 4076 attack-612.exe",,,,,,"Injector started with PID 4076",,,,,,,,,,,,,,,,,,,,,,,,,,,,,,,,,,,,,,,,,,,,,,,,
"2025-10-27 14:16:56.702325200Z","2025-10-27 14:16:56.7023290Z","myETW","Hook-Provider",7007,"EDRHookTask"," 3268 MsMpEng.exe",,,," 4076 attack-612.exe",,"NtOpenProcess with 0x101000",,,,,,,,,,,,,,,,,,,,,,,,,,,,,,,,,,,,,,,,,,,,,,,,
"2025-10-27 14:16:56.702368700Z","2025-10-27 14:16:56.7023692Z","myETW","Hook-Provider",7007,"EDRHookTask"," 3268 MsMpEng.exe",,,," 4076 attack-612.exe",,"NtClose process",,,,,,,,,,,,,,,,,,,,,,,,,,,,,,,,,,,,,,,,,,,,,,,,
"2025-10-27 14:17:01.828063900Z","2025-10-27 14:17:01.8280676Z","myETW","Attack-Provider",1337,"Attack-Provider"," 4076 attack-612.exe",,,,,,"Before starting subprocess to inject to",,,,,,,,,,,,,,,,,,,,,,,,,,,,,,,,,,,,,,,,,,,,,,,,
"2025-10-27 14:17:01.8298096Z","2025-10-27 14:17:01.8298096Z","ETW","Microsoft-Windows-Kernel-Process",5,"ImageLoadInfo "," 4076 attack-612.exe",4236,,," 4076 attack-612.exe",,,"C:\Windows\System32\ApiSetHost.AppExecutionAlias.dll",,,,,,,,,,,,,,,,,,,,,238465,,,,,,,,,,,417936622,140708279943168,140708279943168,176128,,,,,,,,,,,,
"2025-10-27 14:17:01.8300091Z","2025-10-27 14:17:01.8300091Z","ETW","Microsoft-Windows-Kernel-Process",5,"ImageLoadInfo "," 4076 attack-612.exe",4236,,," 4076 attack-612.exe",,,"C:\Windows\System32\combase.dll",,,,,,,,,,,,,,,,,,,,,3695857,,,,,,,,,,,2074935505,140711107428352,140711107428352,3649536,,,,,,,,,,,,
"2025-10-27 14:17:01.8302385Z","2025-10-27 14:17:01.8302385Z","ETW","Microsoft-Windows-Kernel-Process",5,"ImageLoadInfo "," 4076 attack-612.exe",4236,,," 4076 attack-612.exe",,,"C:\Windows\System32\msvcp_win.dll",,,,,,,,,,,,,,,,,,,,,649125,,,,,,,,,,,1093144332,140711070334976,140711070334976,667648,,,,,,,,,,,,
"2025-10-27 14:17:01.8307920Z","2025-10-27 14:17:01.8307920Z","ETW","Microsoft-Windows-Kernel-Process",5,"ImageLoadInfo "," 4076 attack-612.exe",3812,,," 4076 attack-612.exe",,,"C:\Windows\System32\profapi.dll",,,,,,,,,,,,,,,,,,,,,182967,,,,,,,,,,,2107422311,140711063781376,140711063781376,167936,,,,,,,,,,,,
"2025-10-27 14:17:01.8323300Z","2025-10-27 14:17:01.8323300Z","ETW","Microsoft-Windows-Kernel-Process",5,"ImageLoadInfo "," 4076 attack-612.exe",4236,,," 4076 attack-612.exe",,,"C:\Windows\System32\windows.storage.dll",,,,,,,,,,,,,,,,,,,,,8887203,,,,,,,,,,,798214261,140711027539968,140711027539968,8769536,,,,,,,,,,,,
"2025-10-27 14:17:01.8334332Z","2025-10-27 14:17:01.8334332Z","ETW","Microsoft-Windows-Kernel-Process",5,"ImageLoadInfo "," 4076 attack-612.exe",4236,,," 4076 attack-612.exe",,,"C:\Windows\System32\SHCore.dll",,,,,,,,,,,,,,,,,,,,,1021917,,,,,,,,,,,2963687667,140711101267968,140711101267968,991232,,,,,,,,,,,,
"2025-10-27 14:17:01.8342578Z","2025-10-27 14:17:01.8342578Z","ETW","Microsoft-Windows-Kernel-Process",5,"ImageLoadInfo "," 4076 attack-612.exe",4236,,," 4076 attack-612.exe",,,"C:\Windows\System32\shlwapi.dll",,,,,,,,,,,,,,,,,,,,,465416,,,,,,,,,,,960017527,140711103365120,140711103365120,401408,,,,,,,,,,,,
"2025-10-27 14:17:01.8365847Z","2025-10-27 14:17:01.8365847Z","ETW","Microsoft-Windows-Kernel-Process",3,"ThreadStartStart ","    4 System",72,,," 4076 attack-612.exe",,,,,,,,,,,,18446605034627002368,18446605034626977792,140711113874368,0,281927913472,4596,281933774848,281933770752,140711113874368,,,,,,,,,,,,,,,,,,,,,,,,,,,,,,
"2025-10-27 14:17:01.8368407Z","2025-10-27 14:17:01.8368407Z","ETW","Microsoft-Windows-Kernel-Process",3,"ThreadStartStart "," 4076 attack-612.exe",4596,,," 4076 attack-612.exe",,,,,,,,,,,,18446605034627207168,18446605034627182592,140711113874368,0,281927921664,4440,281934823424,281934819328,140711113874368,,,,,,,,,,,,,,,,,,,,,,,,,,,,,,
"2025-10-27 14:17:01.8472614Z","2025-10-27 14:17:01.8472614Z","ETW","Microsoft-Windows-Kernel-Process",5,"ImageLoadInfo "," 4076 attack-612.exe",4236,,," 4076 attack-612.exe",,,"C:\Windows\System32\kernel.appcore.dll",,,,,,,,,,,,,,,,,,,,,177968,,,,,,,,,,,3162933716,140711045627904,140711045627904,110592,,,,,,,,,,,,
"2025-10-27 14:17:01.8481067Z","2025-10-27 14:17:01.8481067Z","ETW","Microsoft-Windows-Kernel-Process",5,"ImageLoadInfo "," 4076 attack-612.exe",4236,,," 4076 attack-612.exe",,,"C:\Windows\System32\daxexec.dll",,,,,,,,,,,,,,,,,,,,,1162516,,,,,,,,,,,2190381932,140710695075840,140710695075840,1146880,,,,,,,,,,,,
"2025-10-27 14:17:01.8483006Z","2025-10-27 14:17:01.8483006Z","ETW","Microsoft-Windows-Kernel-Process",5,"ImageLoadInfo "," 4076 attack-612.exe",4236,,," 4076 attack-612.exe",,,"C:\Windows\System32\oleaut32.dll",,,,,,,,,,,,,,,,,,,,,902937,,,,,,,,,,,3898092977,140711091568640,140711091568640,880640,,,,,,,,,,,,
"2025-10-27 14:17:01.8488353Z","2025-10-27 14:17:01.8488353Z","ETW","Microsoft-Windows-Kernel-Process",5,"ImageLoadInfo "," 4076 attack-612.exe",7228,,," 4076 attack-612.exe",,,"C:\Windows\System32\container.dll",,,,,,,,,,,,,,,,,,,,,342070,,,,,,,,,,,3129326832,140710694748160,140710694748160,307200,,,,,,,,,,,,
"2025-10-27 14:17:01.8506694Z","2025-10-27 14:17:01.8506694Z","ETW","Microsoft-Windows-Kernel-Process",5,"ImageLoadInfo "," 4076 attack-612.exe",4236,,," 4076 attack-612.exe",,,"C:\Windows\System32\bcryptprimitives.dll",,,,,,,,,,,,,,,,,,,,,655169,,,,,,,,,,,3977788271,140711064698880,140711064698880,622592,,,,,,,,,,,,
"2025-10-27 14:17:01.8513728Z","2025-10-27 14:17:01.8513728Z","ETW","Microsoft-Windows-Kernel-Process",5,"ImageLoadInfo "," 4076 attack-612.exe",4236,,," 4076 attack-612.exe",,,"C:\Windows\System32\clbcatq.dll",,,,,,,,,,,,,,,,,,,,,773618,,,,,,,,,,,4119808238,140711112343552,140711112343552,724992,,,,,,,,,,,,
"2025-10-27 14:17:01.8542072Z","2025-10-27 14:17:01.8542072Z","ETW","Microsoft-Windows-Kernel-Process",3,"ThreadStartStart "," 4076 attack-612.exe",4236,,," 4076 attack-612.exe",,,,,,,,,,,,18446605034627465216,18446605034627440640,140711108659888,0,281927929856,9084,281935872000,281935863808,140711108659888,,,,,,,,,,,,,,,,,,,,,,,,,,,,,,
"2025-10-27 14:17:01.8564726Z","2025-10-27 14:17:01.8564726Z","ETW","Microsoft-Windows-Kernel-Process",5,"ImageLoadInfo "," 4076 attack-612.exe",4236,,," 4076 attack-612.exe",,,"C:\Windows\System32\Windows.StateRepositoryPS.dll",,,,,,,,,,,,,,,,,,,,,829180,,,,,,,,,,,4281556410,140710741475328,140710741475328,802816,,,,,,,,,,,,
"2025-10-27 14:17:01.8590602Z","2025-10-27 14:17:01.8590602Z","ETW","Microsoft-Windows-Kernel-Process",5,"ImageLoadInfo "," 4076 attack-612.exe",4236,,," 4076 attack-612.exe",,,"C:\Windows\System32\AppxAllUserStore.dll",,,,,,,,,,,,,,,,,,,,,453941,,,,,,,,,,,48412803,140710743375872,140710743375872,438272,,,,,,,,,,,,
"2025-10-27 14:17:01.8601617Z","2025-10-27 14:17:01.8601617Z","ETW","Microsoft-Windows-Kernel-Process",5,"ImageLoadInfo "," 4076 attack-612.exe",4236,,," 4076 attack-612.exe",,,"C:\Windows\System32\Windows.StateRepositoryClient.dll",,,,,,,,,,,,,,,,,,,,,333822,,,,,,,,,,,994200046,140710855442432,140710855442432,290816,,,,,,,,,,,,
"2025-10-27 14:17:01.8611115Z","2025-10-27 14:17:01.8611115Z","ETW","Microsoft-Windows-Kernel-Process",5,"ImageLoadInfo "," 4076 attack-612.exe",4236,,," 4076 attack-612.exe",,,"C:\Windows\System32\Windows.StateRepositoryCore.dll",,,,,,,,,,,,,,,,,,,,,121295,,,,,,,,,,,2998121198,140710910230528,140710910230528,106496,,,,,,,,,,,,
"2025-10-27 14:17:01.8625982Z","2025-10-27 14:17:01.8625982Z","ETW","Microsoft-Windows-Kernel-Process",5,"ImageLoadInfo "," 4076 attack-612.exe",4236,,," 4076 attack-612.exe",,,"C:\Windows\System32\capauthz.dll",,,,,,,,,,,,,,,,,,,,,396500,,,,,,,,,,,1605668267,140710701891584,140710701891584,380928,,,,,,,,,,,,
"2025-10-27 14:17:01.8652451Z","2025-10-27 14:17:01.8652451Z","ETW","Microsoft-Windows-Kernel-Process",5,"ImageLoadInfo "," 4076 attack-612.exe",4236,,," 4076 attack-612.exe",,,"C:\Windows\System32\ntmarta.dll",,,,,,,,,,,,,,,,,,,,,286201,,,,,,,,,,,2803059627,140711046807552,140711046807552,221184,,,,,,,,,,,,
"2025-10-27 14:17:01.8703313Z","2025-10-27 14:17:01.8703313Z","ETW","Microsoft-Windows-Kernel-Process",1,"ProcessStartStart "," 4076 attack-612.exe",4236,,," 8644 Notepad.exe",,,"C:\Program Files\WindowsApps\Microsoft.WindowsNotepad_11.2507.26.0_x64__8wekyb3d8bbwe\Notepad\Notepad.exe",,,,,,,,,,,,,,,,,,,134060482218702693,3,2797727,"0x","Microsoft.WindowsNotepad_11.2507.26.0_x64__8wekyb3d8bbwe","App",4076,651,653,2,1,0,1,1754496986,,,,,,,,,,,,,,,
"2025-10-27 14:17:01.871912400Z","2025-10-27 14:17:01.8719163Z","myETW","Hook-Provider",7007,"EDRHookTask"," 3268 MsMpEng.exe",,,," 8644 Notepad.exe",,"NtOpenProcess with 0x600",,,,,,,,,,,,,,,,,,,,,,,,,,,,,,,,,,,,,,,,,,,,,,,,
"2025-10-27 14:17:01.871926600Z","2025-10-27 14:17:01.8719268Z","myETW","Hook-Provider",7007,"EDRHookTask"," 3268 MsMpEng.exe",,,," 8644 Notepad.exe",,"NtClose process",,,,,,,,,,,,,,,,,,,,,,,,,,,,,,,,,,,,,,,,,,,,,,,,
"2025-10-27 14:17:01.8727984Z","2025-10-27 14:17:01.8727984Z","ETW","Microsoft-Windows-Kernel-Process",3,"ThreadStartStart "," 4076 attack-612.exe",4236,,," 8644 Notepad.exe",,,,,,,,,,,,18446605034627579904,18446605034627555328,140700759537424,0,1039375794176,9308,1039378939904,1039378935808,140700759537424,,,,,,,,,,,,,,,,,,,,,,,,,,,,,,
"2025-10-27 14:17:01.8805689Z","2025-10-27 14:17:01.8805689Z","ETW","Microsoft-Windows-Kernel-Process",5,"ImageLoadInfo "," 8644 Notepad.exe",9308,,," 8644 Notepad.exe",,,"C:\Program Files\WindowsApps\Microsoft.WindowsNotepad_11.2507.26.0_x64__8wekyb3d8bbwe\Notepad\Notepad.exe",,,,,,,,,,,,,,,,,,,,,2797727,,,,,,,,,,,1754496986,140700758310912,140700758310912,2748416,,,,,,,,,,,,
"2025-10-27 14:17:01.880616500Z","2025-10-27 14:17:01.8806184Z","myETW","Attack-Provider",1337,"Attack-Provider"," 4076 attack-612.exe",,,,,,"After starting subprocess with PID 8644",,,,,,,,,,,,,,,,,,,,,,,,,,,,,,,,,,,,,,,,,,,,,,,,
"2025-10-27 14:17:01.8806207Z","2025-10-27 14:17:01.8806207Z","ETW","Microsoft-Windows-Kernel-Process",5,"ImageLoadInfo "," 8644 Notepad.exe",9308,,," 8644 Notepad.exe",,,"C:\Windows\System32\ntdll.dll",,,,,,,,,,,,,,,,,,,,,2538757,,,,,,,,,,,592187216,140711113392128,140711113392128,2523136,,,,,,,,,,,,
"2025-10-27 14:17:01.881022000Z","2025-10-27 14:17:01.8810239Z","myETW","Hook-Provider",7007,"EDRHookTask"," 3268 MsMpEng.exe",,,," 8644 Notepad.exe",,"NtOpenProcess with 0x101000",,,,,,,,,,,,,,,,,,,,,,,,,,,,,,,,,,,,,,,,,,,,,,,,
"2025-10-27 14:17:01.881037000Z","2025-10-27 14:17:01.8810373Z","myETW","Hook-Provider",7007,"EDRHookTask"," 3268 MsMpEng.exe",,,," 8644 Notepad.exe",,"NtClose process",,,,,,,,,,,,,,,,,,,,,,,,,,,,,,,,,,,,,,,,,,,,,,,,
"2025-10-27 14:17:01.8948221Z","2025-10-27 14:17:01.8948221Z","ETW","Microsoft-Windows-Kernel-Process",3,"ThreadStartStart ","    4 System",64,,,"    4 System",,,,,,,,,,,,18446605034628468736,18446605034628444160,18446735310314123776,0,0,9388,0,0,18446735310314123776,,,,,,,,,,,,,,,,,,,,,,,,,,,,,,
"2025-10-27 14:17:01.8948924Z","2025-10-27 14:17:01.8948924Z","ETW","Microsoft-Windows-Kernel-Process",3,"ThreadStartStart ","    4 System",64,,,"    4 System",,,,,,,,,,,,18446605034628583424,18446605034628558848,18446735310314123776,0,0,10956,0,0,18446735310314123776,,,,,,,,,,,,,,,,,,,,,,,,,,,,,,
"2025-10-27 14:17:01.8953571Z","2025-10-27 14:17:01.8953571Z","ETW","Microsoft-Windows-Kernel-Process",3,"ThreadStartStart ","    4 System",64,,,"    4 System",,,,,,,,,,,,18446605034628698112,18446605034628673536,18446735310314123776,0,0,2992,0,0,18446735310314123776,,,,,,,,,,,,,,,,,,,,,,,,,,,,,,
"2025-10-27 14:17:01.8954314Z","2025-10-27 14:17:01.8954314Z","ETW","Microsoft-Windows-Kernel-Process",3,"ThreadStartStart ","    4 System",64,,,"    4 System",,,,,,,,,,,,18446605034628956160,18446605034628931584,18446735310314123776,0,0,2560,0,0,18446735310314123776,,,,,,,,,,,,,,,,,,,,,,,,,,,,,,
"2025-10-27 14:17:01.8954935Z","2025-10-27 14:17:01.8954935Z","ETW","Microsoft-Windows-Kernel-Process",3,"ThreadStartStart ","    4 System",64,,,"    4 System",,,,,,,,,,,,18446605034629099520,18446605034629074944,18446735310314123776,0,0,10560,0,0,18446735310314123776,,,,,,,,,,,,,,,,,,,,,,,,,,,,,,
"2025-10-27 14:17:01.8957695Z","2025-10-27 14:17:01.8957695Z","ETW","Microsoft-Windows-Kernel-Process",3,"ThreadStartStart ","    4 System",64,,,"    4 System",,,,,,,,,,,,18446605034629218304,18446605034629193728,18446735310314123776,0,0,1232,0,0,18446735310314123776,,,,,,,,,,,,,,,,,,,,,,,,,,,,,,
"2025-10-27 14:17:01.8960302Z","2025-10-27 14:17:01.8960302Z","ETW","Microsoft-Windows-Kernel-Process",3,"ThreadStartStart ","    4 System",64,,,"    4 System",,,,,,,,,,,,18446605034629332992,18446605034629308416,18446735310314123776,0,0,6164,0,0,18446735310314123776,,,,,,,,,,,,,,,,,,,,,,,,,,,,,,
"2025-10-27 14:17:01.8960985Z","2025-10-27 14:17:01.8960985Z","ETW","Microsoft-Windows-Kernel-Process",3,"ThreadStartStart ","    4 System",64,,,"    4 System",,,,,,,,,,,,18446605034629390336,18446605034629365760,18446735310314123776,0,0,11216,0,0,18446735310314123776,,,,,,,,,,,,,,,,,,,,,,,,,,,,,,
"2025-10-27 14:17:01.8961498Z","2025-10-27 14:17:01.8961498Z","ETW","Microsoft-Windows-Kernel-Process",3,"ThreadStartStart ","    4 System",64,,,"    4 System",,,,,,,,,,,,18446605034629447680,18446605034629423104,18446735310314123776,0,0,5032,0,0,18446735310314123776,,,,,,,,,,,,,,,,,,,,,,,,,,,,,,
"2025-10-27 14:17:01.8964978Z","2025-10-27 14:17:01.8964978Z","ETW","Microsoft-Windows-Kernel-Process",3,"ThreadStartStart ","    4 System",64,,,"    4 System",,,,,,,,,,,,18446605034627981312,18446605034627956736,18446735310314123776,0,0,9316,0,0,18446735310314123776,,,,,,,,,,,,,,,,,,,,,,,,,,,,,,
"2025-10-27 14:17:01.8965463Z","2025-10-27 14:17:01.8965463Z","ETW","Microsoft-Windows-Kernel-Process",3,"ThreadStartStart ","    4 System",64,,,"    4 System",,,,,,,,,,,,18446605034629591040,18446605034629566464,18446735310314123776,0,0,11092,0,0,18446735310314123776,,,,,,,,,,,,,,,,,,,,,,,,,,,,,,
"2025-10-27 14:17:01.8965654Z","2025-10-27 14:17:01.8965654Z","ETW","Microsoft-Windows-Kernel-Process",3,"ThreadStartStart ","    4 System",64,,,"    4 System",,,,,,,,,,,,18446605034628640768,18446605034628616192,18446735310314123776,0,0,9108,0,0,18446735310314123776,,,,,,,,,,,,,,,,,,,,,,,,,,,,,,
"2025-10-27 14:17:01.8966148Z","2025-10-27 14:17:01.8966148Z","ETW","Microsoft-Windows-Kernel-Process",3,"ThreadStartStart ","    4 System",64,,,"    4 System",,,,,,,,,,,,18446605034629505024,18446605034629480448,18446735310314123776,0,0,10620,0,0,18446735310314123776,,,,,,,,,,,,,,,,,,,,,,,,,,,,,,
"2025-10-27 14:17:01.8966662Z","2025-10-27 14:17:01.8966662Z","ETW","Microsoft-Windows-Kernel-Process",3,"ThreadStartStart ","    4 System",64,,,"    4 System",,,,,,,,,,,,18446605034627694592,18446605034627670016,18446735310314123776,0,0,6644,0,0,18446735310314123776,,,,,,,,,,,,,,,,,,,,,,,,,,,,,,
"2025-10-27 14:17:01.8969302Z","2025-10-27 14:17:01.8969302Z","ETW","Microsoft-Windows-Kernel-Process",3,"ThreadStartStart ","    4 System",64,,,"    4 System",,,,,,,,,,,,18446605034628268032,18446605034628243456,18446735310314123776,0,0,7028,0,0,18446735310314123776,,,,,,,,,,,,,,,,,,,,,,,,,,,,,,
"2025-10-27 14:17:01.8988271Z","2025-10-27 14:17:01.8988271Z","ETW","Microsoft-Windows-Kernel-Process",3,"ThreadStartStart ","    4 System",64,,,"    4 System",,,,,,,,,,,,18446605034629791744,18446605034629767168,18446735310314123776,0,0,10904,0,0,18446735310314123776,,,,,,,,,,,,,,,,,,,,,,,,,,,,,,
"2025-10-27 14:17:01.9165038Z","2025-10-27 14:17:01.9165038Z","ETW","Microsoft-Windows-Kernel-Process",5,"ImageLoadInfo "," 8644 Notepad.exe",9308,,," 8644 Notepad.exe",,,"C:\Windows\System32\kernel32.dll",,,,,,,,,,,,,,,,,,,,,844151,,,,,,,,,,,1746094868,140711093010432,140711093010432,823296,,,,,,,,,,,,
"2025-10-27 14:17:01.9167139Z","2025-10-27 14:17:01.9167139Z","ETW","Microsoft-Windows-Kernel-Process",5,"ImageLoadInfo "," 8644 Notepad.exe",9308,,," 8644 Notepad.exe",,,"C:\Windows\System32\KernelBase.dll",,,,,,,,,,,,,,,,,,,,,4201576,,,,,,,,,,,1981517683,140711066140672,140711066140672,4136960,,,,,,,,,,,,
"2025-10-27 14:17:01.9185313Z","2025-10-27 14:17:01.9185313Z","ETW","Microsoft-Windows-Kernel-Process",3,"ThreadStartStart "," 8644 Notepad.exe",9308,,," 8644 Notepad.exe",,,,,,,,,,,,18446605034628067328,18446605034628042752,140711113874368,0,1039375802368,2104,1039379988480,1039379984384,140711113874368,,,,,,,,,,,,,,,,,,,,,,,,,,,,,,
"2025-10-27 14:17:01.9186377Z","2025-10-27 14:17:01.9186377Z","ETW","Microsoft-Windows-Kernel-Process",5,"ImageLoadInfo "," 8644 Notepad.exe",9308,,," 8644 Notepad.exe",,,"C:\Windows\System32\user32.dll",,,,,,,,,,,,,,,,,,,,,1879241,,,,,,,,,,,560336548,140711103954944,140711103954944,1855488,,,,,,,,,,,,
"2025-10-27 14:17:01.9188791Z","2025-10-27 14:17:01.9188791Z","ETW","Microsoft-Windows-Kernel-Process",5,"ImageLoadInfo "," 8644 Notepad.exe",9308,,," 8644 Notepad.exe",,,"C:\Windows\System32\win32u.dll",,,,,,,,,,,,,,,,,,,,,189889,,,,,,,,,,,3893946825,140711076102144,140711076102144,159744,,,,,,,,,,,,
"2025-10-27 14:17:01.9190041Z","2025-10-27 14:17:01.9190041Z","ETW","Microsoft-Windows-Kernel-Process",3,"ThreadStartStart "," 8644 Notepad.exe",9308,,," 8644 Notepad.exe",,,,,,,,,,,,18446605034628210688,18446605034628186112,140711113874368,0,1039375810560,7764,1039381037056,1039381032960,140711113874368,,,,,,,,,,,,,,,,,,,,,,,,,,,,,,
"2025-10-27 14:17:01.9191267Z","2025-10-27 14:17:01.9191267Z","ETW","Microsoft-Windows-Kernel-Process",5,"ImageLoadInfo "," 8644 Notepad.exe",9308,,," 8644 Notepad.exe",,,"C:\Windows\System32\gdi32.dll",,,,,,,,,,,,,,,,,,,,,224859,,,,,,,,,,,234412959,140711092486144,140711092486144,176128,,,,,,,,,,,,
"2025-10-27 14:17:01.9193402Z","2025-10-27 14:17:01.9193402Z","ETW","Microsoft-Windows-Kernel-Process",5,"ImageLoadInfo "," 8644 Notepad.exe",9308,,," 8644 Notepad.exe",,,"C:\Windows\System32\gdi32full.dll",,,,,,,,,,,,,,,,,,,,,1265787,,,,,,,,,,,1728895390,140711076298752,140711076298752,1232896,,,,,,,,,,,,
"2025-10-27 14:17:01.9195429Z","2025-10-27 14:17:01.9195429Z","ETW","Microsoft-Windows-Kernel-Process",5,"ImageLoadInfo "," 8644 Notepad.exe",2104,,," 8644 Notepad.exe",,,"C:\Program Files\WindowsApps\Microsoft.WindowsAppRuntime.1.7_7000.652.1806.0_x64__8wekyb3d8bbwe\Microsoft.UI.Windowing.Core.dll",,,,,,,,,,,,,,,,,,,,,548416,,,,,,,,,,,2757406773,140709713215488,140709713215488,532480,,,,,,,,,,,,
"2025-10-27 14:17:01.9195713Z","2025-10-27 14:17:01.9195713Z","ETW","Microsoft-Windows-Kernel-Process",5,"ImageLoadInfo "," 8644 Notepad.exe",9308,,," 8644 Notepad.exe",,,"C:\Windows\System32\msvcp_win.dll",,,,,,,,,,,,,,,,,,,,,649125,,,,,,,,,,,1093144332,140711070334976,140711070334976,667648,,,,,,,,,,,,
"2025-10-27 14:17:01.9198088Z","2025-10-27 14:17:01.9198088Z","ETW","Microsoft-Windows-Kernel-Process",5,"ImageLoadInfo "," 8644 Notepad.exe",2104,,," 8644 Notepad.exe",,,"C:\Windows\System32\ucrtbase.dll",,,,,,,,,,,,,,,,,,,,,1399211,,,,,,,,,,,1508749768,140711073218560,140711073218560,1355776,,,,,,,,,,,,
"2025-10-27 14:17:01.9199325Z","2025-10-27 14:17:01.9199325Z","ETW","Microsoft-Windows-Kernel-Process",5,"ImageLoadInfo "," 8644 Notepad.exe",9308,,," 8644 Notepad.exe",,,"C:\Windows\System32\ucrtbase.dll",,,,,,,,,,,,,,,,,,,,,1399211,,,,,,,,,,,1508749768,2699166810112,2699166810112,1355776,,,,,,,,,,,,
"2025-10-27 14:17:01.9200206Z","2025-10-27 14:17:01.9200206Z","ETW","Microsoft-Windows-Kernel-Process",3,"ThreadStartStart "," 8644 Notepad.exe",2104,,," 8644 Notepad.exe",,,,,,,,,,,,18446605034616422400,18446605034616397824,140711113874368,0,1039375818752,10168,1039382085632,1039382081536,140711113874368,,,,,,,,,,,,,,,,,,,,,,,,,,,,,,
"2025-10-27 14:17:01.9200213Z","2025-10-27 14:17:01.9200213Z","ETW","Microsoft-Windows-Kernel-Process",6,"ImageUnloadInfo "," 8644 Notepad.exe",9308,,," 8644 Notepad.exe",,,"C:\Windows\System32\ucrtbase.dll",,,,,,,,,,,,,,,,,,,,,1399211,,,,,,,,,,,1508749768,2699166810112,2699166810112,1368064,,,,,,,,,,,,
"2025-10-27 14:17:01.9201381Z","2025-10-27 14:17:01.9201381Z","ETW","Microsoft-Windows-Kernel-Process",5,"ImageLoadInfo "," 8644 Notepad.exe",2104,,," 8644 Notepad.exe",,,"C:\Windows\System32\combase.dll",,,,,,,,,,,,,,,,,,,,,3695857,,,,,,,,,,,2074935505,140711107428352,140711107428352,3649536,,,,,,,,,,,,
"2025-10-27 14:17:01.9202370Z","2025-10-27 14:17:01.9202370Z","ETW","Microsoft-Windows-Kernel-Process",5,"ImageLoadInfo "," 8644 Notepad.exe",9308,,," 8644 Notepad.exe",,,"C:\Windows\System32\ole32.dll",,,,,,,,,,,,,,,,,,,,,1710585,,,,,,,,,,,770585389,140711094452224,140711094452224,1671168,,,,,,,,,,,,
"2025-10-27 14:17:01.9205412Z","2025-10-27 14:17:01.9205412Z","ETW","Microsoft-Windows-Kernel-Process",5,"ImageLoadInfo "," 8644 Notepad.exe",2104,,," 8644 Notepad.exe",,,"C:\Windows\System32\rpcrt4.dll",,,,,,,,,,,,,,,,,,,,,1185784,,,,,,,,,,,3598429018,140711096156160,140711096156160,1146880,,,,,,,,,,,,
"2025-10-27 14:17:01.9205931Z","2025-10-27 14:17:01.9205931Z","ETW","Microsoft-Windows-Kernel-Process",5,"ImageLoadInfo "," 8644 Notepad.exe",9308,,," 8644 Notepad.exe",,,"C:\Windows\System32\shell32.dll",,,,,,,,,,,,,,,,,,,,,7753361,,,,,,,,,,,2280271250,140711083900928,140711083900928,7655424,,,,,,,,,,,,
"2025-10-27 14:17:01.9211125Z","2025-10-27 14:17:01.9211125Z","ETW","Microsoft-Windows-Kernel-Process",5,"ImageLoadInfo "," 8644 Notepad.exe",9308,,," 8644 Notepad.exe",,,"C:\Windows\System32\WinTypes.dll",,,,,,,,,,,,,,,,,,,,,1568994,,,,,,,,,,,1650891442,140711074594816,140711074594816,1486848,,,,,,,,,,,,
"2025-10-27 14:17:01.9211369Z","2025-10-27 14:17:01.9211369Z","ETW","Microsoft-Windows-Kernel-Process",5,"ImageLoadInfo "," 8644 Notepad.exe",2104,,," 8644 Notepad.exe",,,"C:\Windows\System32\oleaut32.dll",,,,,,,,,,,,,,,,,,,,,902937,,,,,,,,,,,3898092977,140711091568640,140711091568640,880640,,,,,,,,,,,,
"2025-10-27 14:17:01.9213340Z","2025-10-27 14:17:01.9213340Z","ETW","Microsoft-Windows-Kernel-Process",5,"ImageLoadInfo "," 8644 Notepad.exe",10168,,," 8644 Notepad.exe",,,"C:\Program Files\WindowsApps\Microsoft.WindowsAppRuntime.1.7_7000.652.1806.0_x64__8wekyb3d8bbwe\Microsoft.Internal.FrameworkUdk.dll",,,,,,,,,,,,,,,,,,,,,947909,,,,,,,,,,,1680796359,140708278960128,140708278960128,921600,,,,,,,,,,,,
"2025-10-27 14:17:01.9214823Z","2025-10-27 14:17:01.9214823Z","ETW","Microsoft-Windows-Kernel-Process",5,"ImageLoadInfo "," 8644 Notepad.exe",7764,,," 8644 Notepad.exe",,,"C:\Program Files\WindowsApps\Microsoft.WindowsAppRuntime.1.7_7000.652.1806.0_x64__8wekyb3d8bbwe\CoreMessagingXP.dll",,,,,,,,,,,,,,,,,,,,,1086952,,,,,,,,,,,1466093194,140708284792832,140708284792832,1036288,,,,,,,,,,,,
"2025-10-27 14:17:01.9215102Z","2025-10-27 14:17:01.9215102Z","ETW","Microsoft-Windows-Kernel-Process",5,"ImageLoadInfo "," 8644 Notepad.exe",9308,,," 8644 Notepad.exe",,,"C:\Windows\System32\advapi32.dll",,,,,,,,,,,,,,,,,,,,,806569,,,,,,,,,,,3871129049,140711111098368,140711111098368,737280,,,,,,,,,,,,
"2025-10-27 14:17:01.9215996Z","2025-10-27 14:17:01.9215996Z","ETW","Microsoft-Windows-Kernel-Process",5,"ImageLoadInfo "," 8644 Notepad.exe",10168,,," 8644 Notepad.exe",,,"C:\Windows\System32\SHCore.dll",,,,,,,,,,,,,,,,,,,,,1021917,,,,,,,,,,,2963687667,140711101267968,140711101267968,991232,,,,,,,,,,,,
"2025-10-27 14:17:01.9218474Z","2025-10-27 14:17:01.9218474Z","ETW","Microsoft-Windows-Kernel-Process",5,"ImageLoadInfo "," 8644 Notepad.exe",9308,,," 8644 Notepad.exe",,,"C:\Windows\System32\msvcrt.dll",,,,,,,,,,,,,,,,,,,,,758106,,,,,,,,,,,3198461912,140711082393600,140711082393600,692224,,,,,,,,,,,,
"2025-10-27 14:17:01.9219229Z","2025-10-27 14:17:01.9219229Z","ETW","Microsoft-Windows-Kernel-Process",5,"ImageLoadInfo "," 8644 Notepad.exe",10168,,," 8644 Notepad.exe",,,"C:\Windows\System32\sechost.dll",,,,,,,,,,,,,,,,,,,,,731199,,,,,,,,,,,117823328,140711106707456,140711106707456,679936,,,,,,,,,,,,
"2025-10-27 14:17:01.9221885Z","2025-10-27 14:17:01.9221885Z","ETW","Microsoft-Windows-Kernel-Process",5,"ImageLoadInfo "," 8644 Notepad.exe",9308,,," 8644 Notepad.exe",,,"C:\Windows\System32\shlwapi.dll",,,,,,,,,,,,,,,,,,,,,465416,,,,,,,,,,,960017527,140711103365120,140711103365120,401408,,,,,,,,,,,,
"2025-10-27 14:17:01.9225794Z","2025-10-27 14:17:01.9225794Z","ETW","Microsoft-Windows-Kernel-Process",5,"ImageLoadInfo "," 8644 Notepad.exe",9308,,," 8644 Notepad.exe",,,"C:\Windows\System32\comdlg32.dll",,,,,,,,,,,,,,,,,,,,,1022067,,,,,,,,,,,3073174542,140711102316544,140711102316544,995328,,,,,,,,,,,,
"2025-10-27 14:17:01.9231836Z","2025-10-27 14:17:01.9231836Z","ETW","Microsoft-Windows-Kernel-Process",5,"ImageLoadInfo "," 8644 Notepad.exe",7764,,," 8644 Notepad.exe",,,"C:\Windows\System32\ntmarta.dll",,,,,,,,,,,,,,,,,,,,,286201,,,,,,,,,,,2803059627,140711046807552,140711046807552,221184,,,,,,,,,,,,
"2025-10-27 14:17:01.9231969Z","2025-10-27 14:17:01.9231969Z","ETW","Microsoft-Windows-Kernel-Process",5,"ImageLoadInfo "," 8644 Notepad.exe",9308,,," 8644 Notepad.exe",,,"C:\Windows\System32\crypt32.dll",,,,,,,,,,,,,,,,,,,,,1534966,,,,,,,,,,,2566642874,140711071645696,140711071645696,1536000,,,,,,,,,,,,
"2025-10-27 14:17:01.9241479Z","2025-10-27 14:17:01.9241479Z","ETW","Microsoft-Windows-Kernel-Process",5,"ImageLoadInfo "," 8644 Notepad.exe",7764,,," 8644 Notepad.exe",,,"C:\Windows\System32\kernel.appcore.dll",,,,,,,,,,,,,,,,,,,,,177968,,,,,,,,,,,3162933716,140711045627904,140711045627904,110592,,,,,,,,,,,,
"2025-10-27 14:17:01.9243351Z","2025-10-27 14:17:01.9243351Z","ETW","Microsoft-Windows-Kernel-Process",5,"ImageLoadInfo "," 8644 Notepad.exe",2104,,," 8644 Notepad.exe",,,"C:\Windows\System32\profapi.dll",,,,,,,,,,,,,,,,,,,,,182967,,,,,,,,,,,2107422311,140711063781376,140711063781376,167936,,,,,,,,,,,,
"2025-10-27 14:17:01.9246571Z","2025-10-27 14:17:01.9246571Z","ETW","Microsoft-Windows-Kernel-Process",5,"ImageLoadInfo "," 8644 Notepad.exe",10168,,," 8644 Notepad.exe",,,"C:\Windows\System32\BCP47Langs.dll",,,,,,,,,,,,,,,,,,,,,394325,,,,,,,,,,,2655356928,140710867632128,140710867632128,385024,,,,,,,,,,,,
"2025-10-27 14:17:01.9257170Z","2025-10-27 14:17:01.9257170Z","ETW","Microsoft-Windows-Kernel-Process",5,"ImageLoadInfo "," 8644 Notepad.exe",9308,,," 8644 Notepad.exe",,,"C:\Windows\System32\CoreMessaging.dll",,,,,,,,,,,,,,,,,,,,,1276090,,,,,,,,,,,3802617839,140711011483648,140711011483648,1200128,,,,,,,,,,,,
"2025-10-27 14:17:01.9264116Z","2025-10-27 14:17:01.9264116Z","ETW","Microsoft-Windows-Kernel-Process",5,"ImageLoadInfo "," 8644 Notepad.exe",9308,,," 8644 Notepad.exe",,,"C:\Windows\WinSxS\amd64_microsoft.windows.common-controls_6595b64144ccf1df_6.0.26100.6899_none_3e0efeeae32e88c1\comctl32.dll",,,,,,,,,,,,,,,,,,,,,2738802,,,,,,,,,,,576278460,140710882574336,140710882574336,2699264,,,,,,,,,,,,
"2025-10-27 14:17:01.9269290Z","2025-10-27 14:17:01.9269290Z","ETW","Microsoft-Windows-Kernel-Process",5,"ImageLoadInfo "," 8644 Notepad.exe",2104,,," 8644 Notepad.exe",,,"C:\Windows\System32\dcomp.dll",,,,,,,,,,,,,,,,,,,,,2270290,,,,,,,,,,,578597555,140711004733440,140711004733440,2236416,,,,,,,,,,,,
"2025-10-27 14:17:01.9276043Z","2025-10-27 14:17:01.9276043Z","ETW","Microsoft-Windows-Kernel-Process",5,"ImageLoadInfo "," 8644 Notepad.exe",7764,,," 8644 Notepad.exe",,,"C:\Windows\System32\propsys.dll",,,,,,,,,,,,,,,,,,,,,1139116,,,,,,,,,,,4204596999,140710982189056,140710982189056,1064960,,,,,,,,,,,,
"2025-10-27 14:17:01.9276483Z","2025-10-27 14:17:01.9276483Z","ETW","Microsoft-Windows-Kernel-Process",5,"ImageLoadInfo "," 8644 Notepad.exe",10168,,," 8644 Notepad.exe",,,"C:\Windows\System32\urlmon.dll",,,,,,,,,,,,,,,,,,,,,1927318,,,,,,,,,,,1621290776,140710841090048,140710841090048,1966080,,,,,,,,,,,,
"2025-10-27 14:17:01.9288581Z","2025-10-27 14:17:01.9288581Z","ETW","Microsoft-Windows-Kernel-Process",5,"ImageLoadInfo "," 8644 Notepad.exe",9308,,," 8644 Notepad.exe",,,"C:\Windows\System32\icu.dll",,,,,,,,,,,,,,,,,,,,,2809356,,,,,,,,,,,3016574355,140710821691392,140710821691392,2744320,,,,,,,,,,,,
"2025-10-27 14:17:01.9291886Z","2025-10-27 14:17:01.9291886Z","ETW","Microsoft-Windows-Kernel-Process",5,"ImageLoadInfo "," 8644 Notepad.exe",2104,,," 8644 Notepad.exe",,,"C:\Windows\System32\winspool.drv",,,,,,,,,,,,,,,,,,,,,749400,,,,,,,,,,,1014812906,140710645465088,140710645465088,724992,,,,,,,,,,,,
"2025-10-27 14:17:01.9299032Z","2025-10-27 14:17:01.9299032Z","ETW","Microsoft-Windows-Kernel-Process",5,"ImageLoadInfo "," 8644 Notepad.exe",7764,,," 8644 Notepad.exe",,,"C:\Windows\System32\dwmapi.dll",,,,,,,,,,,,,,,,,,,,,179167,,,,,,,,,,,2697878293,140711020265472,140711020265472,184320,,,,,,,,,,,,
"2025-10-27 14:17:01.9301319Z","2025-10-27 14:17:01.9301319Z","ETW","Microsoft-Windows-Kernel-Process",5,"ImageLoadInfo "," 8644 Notepad.exe",10168,,," 8644 Notepad.exe",,,"C:\Windows\System32\uxtheme.dll",,,,,,,,,,,,,,,,,,,,,709862,,,,,,,,,,,3538617358,140711017578496,140711017578496,696320,,,,,,,,,,,,
"2025-10-27 14:17:01.9310532Z","2025-10-27 14:17:01.9310532Z","ETW","Microsoft-Windows-Kernel-Process",5,"ImageLoadInfo "," 8644 Notepad.exe",9308,,," 8644 Notepad.exe",,,"C:\Program Files\WindowsApps\Microsoft.VCLibs.140.00.UWPDesktop_14.0.33728.0_x64__8wekyb3d8bbwe\msvcp140.dll",,,,,,,,,,,,,,,,,,,,,603644,,,,,,,,,,,2926311296,140710765527040,140710765527040,577536,,,,,,,,,,,,
"2025-10-27 14:17:01.9311989Z","2025-10-27 14:17:01.9311989Z","ETW","Microsoft-Windows-Kernel-Process",5,"ImageLoadInfo "," 8644 Notepad.exe",2104,,," 8644 Notepad.exe",,,"C:\Program Files\WindowsApps\Microsoft.VCLibs.140.00.UWPDesktop_14.0.33728.0_x64__8wekyb3d8bbwe\msvcp140_atomic_wait.dll",,,,,,,,,,,,,,,,,,,,,60856,,,,,,,,,,,1625823556,140710981009408,140710981009408,81920,,,,,,,,,,,,
"2025-10-27 14:17:01.9318274Z","2025-10-27 14:17:01.9318274Z","ETW","Microsoft-Windows-Kernel-Process",5,"ImageLoadInfo "," 8644 Notepad.exe",7764,,," 8644 Notepad.exe",,,"C:\Program Files\WindowsApps\Microsoft.VCLibs.140.00.UWPDesktop_14.0.33728.0_x64__8wekyb3d8bbwe\vcruntime140_1.dll",,,,,,,,,,,,,,,,,,,,,66730,,,,,,,,,,,1073573567,140710985662464,140710985662464,49152,,,,,,,,,,,,
"2025-10-27 14:17:01.9322324Z","2025-10-27 14:17:01.9322324Z","ETW","Microsoft-Windows-Kernel-Process",5,"ImageLoadInfo "," 8644 Notepad.exe",10168,,," 8644 Notepad.exe",,,"C:\Program Files\WindowsApps\Microsoft.VCLibs.140.00.UWPDesktop_14.0.33728.0_x64__8wekyb3d8bbwe\vcruntime140.dll",,,,,,,,,,,,,,,,,,,,,171050,,,,,,,,,,,4092127091,140710863962112,140710863962112,122880,,,,,,,,,,,,
"2025-10-27 14:17:01.9328159Z","2025-10-27 14:17:01.9328159Z","ETW","Microsoft-Windows-Kernel-Process",5,"ImageLoadInfo "," 8644 Notepad.exe",7764,,," 8644 Notepad.exe",,,"C:\Windows\System32\windows.storage.dll",,,,,,,,,,,,,,,,,,,,,8887203,,,,,,,,,,,798214261,140711027539968,140711027539968,8769536,,,,,,,,,,,,
"2025-10-27 14:17:01.9330821Z","2025-10-27 14:17:01.9330821Z","ETW","Microsoft-Windows-Kernel-Process",5,"ImageLoadInfo "," 8644 Notepad.exe",10168,,," 8644 Notepad.exe",,,"C:\Windows\System32\cfgmgr32.dll",,,,,,,,,,,,,,,,,,,,,378754,,,,,,,,,,,836129831,140711059783680,140711059783680,356352,,,,,,,,,,,,
"2025-10-27 14:17:01.9336670Z","2025-10-27 14:17:01.9336670Z","ETW","Microsoft-Windows-Kernel-Process",5,"ImageLoadInfo "," 8644 Notepad.exe",2104,,," 8644 Notepad.exe",,,"C:\Windows\System32\Microsoft.Internal.WarpPal.dll",,,,,,,,,,,,,,,,,,,,,167600,,,,,,,,,,,2132685858,140710990643200,140710990643200,102400,,,,,,,,,,,,
"2025-10-27 14:17:01.9344446Z","2025-10-27 14:17:01.9344446Z","ETW","Microsoft-Windows-Kernel-Process",5,"ImageLoadInfo "," 8644 Notepad.exe",9308,,," 8644 Notepad.exe",,,"C:\Windows\System32\iertutil.dll",,,,,,,,,,,,,,,,,,,,,2958748,,,,,,,,,,,147340823,140710838140928,140710838140928,2904064,,,,,,,,,,,,
"2025-10-27 14:17:01.9371649Z","2025-10-27 14:17:01.9371649Z","ETW","Microsoft-Windows-Kernel-Process",5,"ImageLoadInfo "," 8644 Notepad.exe",2104,,," 8644 Notepad.exe",,,"C:\Windows\System32\srvcli.dll",,,,,,,,,,,,,,,,,,,,,181029,,,,,,,,,,,239922031,140710837944320,140710837944320,167936,,,,,,,,,,,,
"2025-10-27 14:17:01.9372903Z","2025-10-27 14:17:01.9372903Z","ETW","Microsoft-Windows-Kernel-Process",5,"ImageLoadInfo "," 8644 Notepad.exe",10168,,," 8644 Notepad.exe",,,"C:\Windows\System32\netutils.dll",,,,,,,,,,,,,,,,,,,,,80696,,,,,,,,,,,865845000,140711039205376,140711039205376,53248,,,,,,,,,,,,
"2025-10-27 14:17:01.9404132Z","2025-10-27 14:17:01.9404132Z","ETW","Microsoft-Windows-Kernel-Process",5,"ImageLoadInfo "," 8644 Notepad.exe",9308,,," 8644 Notepad.exe",,,"C:\Windows\System32\imm32.dll",,,,,,,,,,,,,,,,,,,,,237947,,,,,,,,,,,2763417762,140711083638784,140711083638784,192512,,,,,,,,,,,,
"2025-10-27 14:17:01.9447357Z","2025-10-27 14:17:01.9447357Z","ETW","Microsoft-Windows-Kernel-Process",5,"ImageLoadInfo "," 8644 Notepad.exe",9308,,," 8644 Notepad.exe",,,"C:\Windows\System32\Microsoft.Internal.FrameworkUdk.System.dll",,,,,,,,,,,,,,,,,,,,,759542,,,,,,,,,,,2469381841,140710607454208,140710607454208,741376,,,,,,,,,,,,
"2025-10-27 14:17:01.9503211Z","2025-10-27 14:17:01.9503211Z","ETW","Microsoft-Windows-Kernel-Process",5,"ImageLoadInfo "," 8644 Notepad.exe",9308,,," 8644 Notepad.exe",,,"C:\Windows\System32\bcryptprimitives.dll",,,,,,,,,,,,,,,,,,,,,655169,,,,,,,,,,,3977788271,140711064698880,140711064698880,622592,,,,,,,,,,,,
"2025-10-27 14:17:01.9510955Z","2025-10-27 14:17:01.9510955Z","ETW","Microsoft-Windows-Kernel-Process",5,"ImageLoadInfo "," 8644 Notepad.exe",9308,,," 8644 Notepad.exe",,,"C:\Windows\System32\clbcatq.dll",,,,,,,,,,,,,,,,,,,,,773618,,,,,,,,,,,4119808238,140711112343552,140711112343552,724992,,,,,,,,,,,,
"2025-10-27 14:17:01.9540911Z","2025-10-27 14:17:01.9540911Z","ETW","Microsoft-Windows-Kernel-Process",5,"ImageLoadInfo "," 8644 Notepad.exe",9308,,," 8644 Notepad.exe",,,"C:\Windows\System32\daxexec.dll",,,,,,,,,,,,,,,,,,,,,1162516,,,,,,,,,,,2190381932,140710695075840,140710695075840,1146880,,,,,,,,,,,,
"2025-10-27 14:17:01.9555448Z","2025-10-27 14:17:01.9555448Z","ETW","Microsoft-Windows-Kernel-Process",5,"ImageLoadInfo "," 8644 Notepad.exe",2104,,," 8644 Notepad.exe",,,"C:\Windows\System32\container.dll",,,,,,,,,,,,,,,,,,,,,342070,,,,,,,,,,,3129326832,140710694748160,140710694748160,307200,,,,,,,,,,,,
"2025-10-27 14:17:01.9568478Z","2025-10-27 14:17:01.9568478Z","ETW","Microsoft-Windows-Kernel-Process",5,"ImageLoadInfo "," 8644 Notepad.exe",9308,,," 8644 Notepad.exe",,,"C:\Windows\System32\Windows.StateRepositoryClient.dll",,,,,,,,,,,,,,,,,,,,,333822,,,,,,,,,,,994200046,140710855442432,140710855442432,290816,,,,,,,,,,,,
"2025-10-27 14:17:01.9575784Z","2025-10-27 14:17:01.9575784Z","ETW","Microsoft-Windows-Kernel-Process",5,"ImageLoadInfo "," 8644 Notepad.exe",9308,,," 8644 Notepad.exe",,,"C:\Windows\System32\Windows.StateRepositoryCore.dll",,,,,,,,,,,,,,,,,,,,,121295,,,,,,,,,,,2998121198,140710910230528,140710910230528,106496,,,,,,,,,,,,
"2025-10-27 14:17:01.9589382Z","2025-10-27 14:17:01.9589382Z","ETW","Microsoft-Windows-Kernel-Process",5,"ImageLoadInfo "," 8644 Notepad.exe",9308,,," 8644 Notepad.exe",,,"C:\Windows\System32\capauthz.dll",,,,,,,,,,,,,,,,,,,,,396500,,,,,,,,,,,1605668267,140710701891584,140710701891584,380928,,,,,,,,,,,,
"2025-10-27 14:17:02.866181800Z","2025-10-27 14:17:02.8661854Z","myETW","Attack-Provider",1337,"Attack-Provider"," 4076 attack-612.exe",,,,,,"Before opening process handle",,,,,,,,,,,,,,,,,,,,,,,,,,,,,,,,,,,,,,,,,,,,,,,,
"2025-10-27 14:17:02.867467900Z","2025-10-27 14:17:02.8674702Z","myETW","Attack-Provider",1337,"Attack-Provider"," 4076 attack-612.exe",,,,,,"After opening process handle",,,,,,,,,,,,,,,,,,,,,,,,,,,,,,,,,,,,,,,,,,,,,,,,
"2025-10-27 14:17:03.841440800Z","2025-10-27 14:17:03.8414453Z","myETW","Attack-Provider",1337,"Attack-Provider"," 4076 attack-612.exe",,,,,,"Before allocating memory for shellcode",,,,,,,,,,,,,,,,,,,,,,,,,,,,,,,,,,,,,,,,,,,,,,,,
"2025-10-27 14:17:03.842002000Z","2025-10-27 14:17:03.8420037Z","myETW","Attack-Provider",1337,"Attack-Provider"," 4076 attack-612.exe",,,,,,"After allocating memory for shellcode, at: 0000027472FE0000",,,,,,,,,,,,,,,,,,,,,,,,,,,,,,,,,,,,,,,,,,,,,,,,
"2025-10-27 14:17:04.814277700Z","2025-10-27 14:17:04.8142813Z","myETW","Attack-Provider",1337,"Attack-Provider"," 4076 attack-612.exe",,,,,,"Before writing shellcode to process",,,,,,,,,,,,,,,,,,,,,,,,,,,,,,,,,,,,,,,,,,,,,,,,
"2025-10-27 14:17:04.814817900Z","2025-10-27 14:17:04.8148288Z","myETW","Attack-Provider",1337,"Attack-Provider"," 4076 attack-612.exe",,,,,,"After writing shellcode to process, at: 0000027472FE0000",,,,,,,,,,,,,,,,,,,,,,,,,,,,,,,,,,,,,,,,,,,,,,,,
"2025-10-27 14:17:05.788592300Z","2025-10-27 14:17:05.7885958Z","myETW","Attack-Provider",1337,"Attack-Provider"," 4076 attack-612.exe",,,,,,"Before changing memory protection to PAGE_EXECUTE_READ",,,,,,,,,,,,,,,,,,,,,,,,,,,,,,,,,,,,,,,,,,,,,,,,
"2025-10-27 14:17:05.789109700Z","2025-10-27 14:17:05.7891111Z","myETW","Attack-Provider",1337,"Attack-Provider"," 4076 attack-612.exe",,,,,,"After changing memory protection to PAGE_EXECUTE_READ",,,,,,,,,,,,,,,,,,,,,,,,,,,,,,,,,,,,,,,,,,,,,,,,
"2025-10-27 14:17:06.763942800Z","2025-10-27 14:17:06.7639490Z","myETW","Attack-Provider",1337,"Attack-Provider"," 4076 attack-612.exe",,,,,,"Before reading memory to verify write",,,,,,,,,,,,,,,,,,,,,,,,,,,,,,,,,,,,,,,,,,,,,,,,
"2025-10-27 14:17:06.764566600Z","2025-10-27 14:17:06.7645685Z","myETW","Attack-Provider",1337,"Attack-Provider"," 4076 attack-612.exe",,,,,,"After reading memory to verify write",,,,,,,,,,,,,,,,,,,,,,,,,,,,,,,,,,,,,,,,,,,,,,,,
"2025-10-27 14:17:07.741270400Z","2025-10-27 14:17:07.7412750Z","myETW","Attack-Provider",1337,"Attack-Provider"," 4076 attack-612.exe",,,,,,"Before creating remote thread",,,,,,,,,,,,,,,,,,,,,,,,,,,,,,,,,,,,,,,,,,,,,,,,
"2025-10-27 14:17:07.7418860Z","2025-10-27 14:17:07.7418860Z","ETW","Microsoft-Windows-Kernel-Process",3,"ThreadStartStart "," 4076 attack-612.exe",4236,,," 8644 Notepad.exe",,,,,,,,,,,,18446605034646798336,18446605034646773760,2699168710656,0,1039375826944,10264,1037235650560,1037235646464,2699168710656,,,,,,,,,,,,,,,,,,,,,,,,,,,,,,
"2025-10-27 14:17:07.741919900Z","2025-10-27 14:17:07.7419211Z","myETW","Attack-Provider",1337,"Attack-Provider"," 4076 attack-612.exe",,,,,,"After creating remote thread",,,,,,,,,,,,,,,,,,,,,,,,,,,,,,,,,,,,,,,,,,,,,,,,
"2025-10-27 14:17:07.7631985Z","2025-10-27 14:17:07.7631985Z","ETW","Microsoft-Windows-Kernel-Process",3,"ThreadStartStart ","    4 System",64,,,"    4 System",,,,,,,,,,,,18446605034632777728,18446605034632753152,18446735310314123776,0,0,1100,0,0,18446735310314123776,,,,,,,,,,,,,,,,,,,,,,,,,,,,,,
"2025-10-27 14:17:07.7632398Z","2025-10-27 14:17:07.7632398Z","ETW","Microsoft-Windows-Kernel-Process",3,"ThreadStartStart ","    4 System",64,,,"    4 System",,,,,,,,,,,,18446605034632404992,18446605034632380416,18446735310314123776,0,0,6596,0,0,18446735310314123776,,,,,,,,,,,,,,,,,,,,,,,,,,,,,,
"2025-10-27 14:17:07.7632868Z","2025-10-27 14:17:07.7632868Z","ETW","Microsoft-Windows-Kernel-Process",3,"ThreadStartStart ","    4 System",64,,,"    4 System",,,,,,,,,,,,18446605034631831552,18446605034631806976,18446735310314123776,0,0,10392,0,0,18446735310314123776,,,,,,,,,,,,,,,,,,,,,,,,,,,,,,
"2025-10-27 14:17:07.7633481Z","2025-10-27 14:17:07.7633481Z","ETW","Microsoft-Windows-Kernel-Process",3,"ThreadStartStart ","    4 System",64,,,"    4 System",,,,,,,,,,,,18446605034632978432,18446605034632953856,18446735310314123776,0,0,7352,0,0,18446735310314123776,,,,,,,,,,,,,,,,,,,,,,,,,,,,,,
"2025-10-27 14:17:07.7828349Z","2025-10-27 14:17:07.7828349Z","ETW","Microsoft-Windows-Kernel-Process",4,"ThreadStopStop "," 8644 Notepad.exe",10168,,," 8644 Notepad.exe",,,,,,,,,,,,18446605034616422400,18446605034616397824,140711113874368,0,1039375818752,10168,1039382085632,1039382073344,140711113874368,45565420,,,,,,,,,,,,,,,,,,,,,,,,,,,,,
"2025-10-27 14:17:07.7828406Z","2025-10-27 14:17:07.7828406Z","ETW","Microsoft-Windows-Kernel-Process",4,"ThreadStopStop "," 8644 Notepad.exe",7764,,," 8644 Notepad.exe",,,,,,,,,,,,18446605034628210688,18446605034628186112,140711113874368,0,1039375810560,7764,1039381037056,1039381024768,140711113874368,40870520,,,,,,,,,,,,,,,,,,,,,,,,,,,,,
"2025-10-27 14:17:07.7828882Z","2025-10-27 14:17:07.7828882Z","ETW","Microsoft-Windows-Kernel-Process",4,"ThreadStopStop "," 8644 Notepad.exe",2104,,," 8644 Notepad.exe",,,,,,,,,,,,18446605034628067328,18446605034628042752,140711113874368,0,1039375802368,2104,1039379988480,1039379972096,140711113874368,55464800,,,,,,,,,,,,,,,,,,,,,,,,,,,,,
"2025-10-27 14:17:07.7829186Z","2025-10-27 14:17:07.7829186Z","ETW","Microsoft-Windows-Kernel-Process",4,"ThreadStopStop "," 8644 Notepad.exe",9308,,," 8644 Notepad.exe",,,,,,,,,,,,18446605034627579904,18446605034627555328,140700759537424,0,1039375794176,9308,1039378939904,1039378915328,140700759537424,157392200,,,,,,,,,,,,,,,,,,,,,,,,,,,,,
"2025-10-27 14:17:08.718018000Z","2025-10-27 14:17:08.7180218Z","myETW","Attack-Provider",1337,"Attack-Provider"," 4076 attack-612.exe",,,,,,"Attack done",,,,,,,,,,,,,,,,,,,,,,,,,,,,,,,,,,,,,,,,,,,,,,,,
"2025-10-27 14:17:08.7187023Z","2025-10-27 14:17:08.7187023Z","ETW","Microsoft-Windows-Kernel-Process",4,"ThreadStopStop "," 4076 attack-612.exe",4440,,," 4076 attack-612.exe",,,,,,,,,,,,18446605034627207168,18446605034627182592,140711113874368,0,281927921664,4440,281934823424,281934815232,140711113874368,318440,,,,,,,,,,,,,,,,,,,,,,,,,,,,,
"2025-10-27 14:17:08.7187224Z","2025-10-27 14:17:08.7187224Z","ETW","Microsoft-Windows-Kernel-Process",4,"ThreadStopStop "," 4076 attack-612.exe",9084,,," 4076 attack-612.exe",,,,,,,,,,,,18446605034627465216,18446605034627440640,140711108659888,0,281927929856,9084,281935872000,281935863808,140711108659888,275500,,,,,,,,,,,,,,,,,,,,,,,,,,,,,
"2025-10-27 14:17:08.7187544Z","2025-10-27 14:17:08.7187544Z","ETW","Microsoft-Windows-Kernel-Process",4,"ThreadStopStop "," 4076 attack-612.exe",4596,,," 4076 attack-612.exe",,,,,,,,,,,,18446605034627002368,18446605034626977792,140711113874368,0,281927913472,4596,281933774848,281933766656,140711113874368,2496980,,,,,,,,,,,,,,,,,,,,,,,,,,,,,
"2025-10-27 14:17:08.7187816Z","2025-10-27 14:17:08.7187816Z","ETW","Microsoft-Windows-Kernel-Process",4,"ThreadStopStop "," 4076 attack-612.exe",7228,,," 4076 attack-612.exe",,,,,,,,,,,,18446605034624991232,18446605034624966656,140711113874368,0,281927897088,7228,281931677696,281931665408,140711113874368,10194260,,,,,,,,,,,,,,,,,,,,,,,,,,,,,
"2025-10-27 14:17:08.7187861Z","2025-10-27 14:17:08.7187861Z","ETW","Microsoft-Windows-Kernel-Process",4,"ThreadStopStop "," 4076 attack-612.exe",3252,,," 4076 attack-612.exe",,,,,,,,,,,,18446605034625597440,18446605034625572864,140711113874368,0,281927905280,3252,281932726272,281932718080,140711113874368,7840540,,,,,,,,,,,,,,,,,,,,,,,,,,,,,
"2025-10-27 14:17:08.7188053Z","2025-10-27 14:17:08.7188053Z","ETW","Microsoft-Windows-Kernel-Process",4,"ThreadStopStop "," 4076 attack-612.exe",3812,,," 4076 attack-612.exe",,,,,,,,,,,,18446605034650189824,18446605034650165248,140711113874368,0,281927888896,3812,281930629120,281930616832,140711113874368,8250560,,,,,,,,,,,,,,,,,,,,,,,,,,,,,
"2025-10-27 14:17:08.719426600Z","2025-10-27 14:17:08.7194298Z","myETW","Hook-Provider",7007,"EDRHookTask"," 3268 MsMpEng.exe",,,," 4076 attack-612.exe",,"NtOpenProcess with 0x1000",,,,,,,,,,,,,,,,,,,,,,,,,,,,,,,,,,,,,,,,,,,,,,,,
"2025-10-27 14:17:08.719449900Z","2025-10-27 14:17:08.7194503Z","myETW","Hook-Provider",7007,"EDRHookTask"," 3268 MsMpEng.exe",,,," 4076 attack-612.exe",,"NtClose process",,,,,,,,,,,,,,,,,,,,,,,,,,,,,,,,,,,,,,,,,,,,,,,,
"2025-10-27 14:17:08.719660400Z","2025-10-27 14:17:08.7196619Z","myETW","Hook-Provider",7007,"EDRHookTask"," 3268 MsMpEng.exe",,,," 4076 attack-612.exe",,"NtOpenProcess with 0x101000",,,,,,,,,,,,,,,,,,,,,,,,,,,,,,,,,,,,,,,,,,,,,,,,
"2025-10-27 14:17:08.719672200Z","2025-10-27 14:17:08.7196724Z","myETW","Hook-Provider",7007,"EDRHookTask"," 3268 MsMpEng.exe",,,," 4076 attack-612.exe",,"NtClose process",,,,,,,,,,,,,,,,,,,,,,,,,,,,,,,,,,,,,,,,,,,,,,,,
"2025-10-27 14:17:08.7201782Z","2025-10-27 14:17:08.7201782Z","ETW","Microsoft-Windows-Kernel-Process",4,"ThreadStopStop "," 4076 attack-612.exe",4236,,," 4076 attack-612.exe",,,,,,,,,,,,18446605034619699200,18446605034619674624,140700710029056,0,281927880704,4236,281929580544,281929547776,140700710029056,171300960,,,,,,,,,,,,,,,,,,,,,,,,,,,,,
"2025-10-27 14:17:08.720235400Z","2025-10-27 14:17:08.7202372Z","myETW","Hook-Provider",7007,"EDRHookTask"," 3268 MsMpEng.exe",,,," 4076 attack-612.exe",,"NtOpenProcess with 0x1000",,,,,,,,,,,,,,,,,,,,,,,,,,,,,,,,,,,,,,,,,,,,,,,,
"2025-10-27 14:17:08.720256600Z","2025-10-27 14:17:08.7202574Z","myETW","Hook-Provider",7007,"EDRHookTask"," 3268 MsMpEng.exe",,,," 4076 attack-612.exe",,"NtClose process",,,,,,,,,,,,,,,,,,,,,,,,,,,,,,,,,,,,,,,,,,,,,,,,
"2025-10-27 14:17:08.720266400Z","2025-10-27 14:17:08.7202668Z","myETW","Hook-Provider",7007,"EDRHookTask"," 3268 MsMpEng.exe",,,," 4076 attack-612.exe",,"NtOpenProcess with 0x1000",,,,,,,,,,,,,,,,,,,,,,,,,,,,,,,,,,,,,,,,,,,,,,,,
"2025-10-27 14:17:08.720272700Z","2025-10-27 14:17:08.7202729Z","myETW","Hook-Provider",7007,"EDRHookTask"," 3268 MsMpEng.exe",,,," 4076 attack-612.exe",,"NtClose process",,,,,,,,,,,,,,,,,,,,,,,,,,,,,,,,,,,,,,,,,,,,,,,,
"2025-10-27 14:17:08.7203267Z","2025-10-27 14:17:08.7203267Z","ETW","Microsoft-Windows-Kernel-Process",6,"ImageUnloadInfo "," 4076 attack-612.exe",4236,,," 4076 attack-612.exe",,,"C:\Users\Public\Downloads\attack-612.exe",,,,,,,,,,,,,,,,,,,,,0,,,,,,,,,,,1761550891,140700710010880,140700710010880,57344,,,,,,,,,,,,
"2025-10-27 14:17:08.7203737Z","2025-10-27 14:17:08.7203737Z","ETW","Microsoft-Windows-Kernel-Process",6,"ImageUnloadInfo "," 4076 attack-612.exe",4236,,," 4076 attack-612.exe",,,"C:\Windows\System32\ApiSetHost.AppExecutionAlias.dll",,,,,,,,,,,,,,,,,,,,,238465,,,,,,,,,,,417936622,140708279943168,140708279943168,176128,,,,,,,,,,,,
"2025-10-27 14:17:08.7203910Z","2025-10-27 14:17:08.7203910Z","ETW","Microsoft-Windows-Kernel-Process",6,"ImageUnloadInfo "," 4076 attack-612.exe",4236,,," 4076 attack-612.exe",,,"C:\Windows\System32\msvcp140.dll",,,,,,,,,,,,,,,,,,,,,570439,,,,,,,,,,,1564323704,140709302829056,140709302829056,561152,,,,,,,,,,,,
"2025-10-27 14:17:08.7204146Z","2025-10-27 14:17:08.7204146Z","ETW","Microsoft-Windows-Kernel-Process",6,"ImageUnloadInfo "," 4076 attack-612.exe",4236,,," 4076 attack-612.exe",,,"C:\Windows\System32\vcruntime140.dll",,,,,,,,,,,,,,,,,,,,,146072,,,,,,,,,,,254123393,140709303418880,140709303418880,122880,,,,,,,,,,,,
"2025-10-27 14:17:08.7204210Z","2025-10-27 14:17:08.7204210Z","ETW","Microsoft-Windows-Kernel-Process",6,"ImageUnloadInfo "," 4076 attack-612.exe",4236,,," 4076 attack-612.exe",,,"C:\Windows\System32\vcruntime140_1.dll",,,,,,,,,,,,,,,,,,,,,57827,,,,,,,,,,,240324076,140709712887808,140709712887808,49152,,,,,,,,,,,,
"2025-10-27 14:17:08.7204382Z","2025-10-27 14:17:08.7204382Z","ETW","Microsoft-Windows-Kernel-Process",6,"ImageUnloadInfo "," 4076 attack-612.exe",4236,,," 4076 attack-612.exe",,,"C:\Windows\System32\container.dll",,,,,,,,,,,,,,,,,,,,,342070,,,,,,,,,,,3129326832,140710694748160,140710694748160,307200,,,,,,,,,,,,
"2025-10-27 14:17:08.7204482Z","2025-10-27 14:17:08.7204482Z","ETW","Microsoft-Windows-Kernel-Process",6,"ImageUnloadInfo "," 4076 attack-612.exe",4236,,," 4076 attack-612.exe",,,"C:\Windows\System32\daxexec.dll",,,,,,,,,,,,,,,,,,,,,1162516,,,,,,,,,,,2190381932,140710695075840,140710695075840,1146880,,,,,,,,,,,,
"2025-10-27 14:17:08.7204822Z","2025-10-27 14:17:08.7204822Z","ETW","Microsoft-Windows-Kernel-Process",6,"ImageUnloadInfo "," 4076 attack-612.exe",4236,,," 4076 attack-612.exe",,,"C:\Windows\System32\capauthz.dll",,,,,,,,,,,,,,,,,,,,,396500,,,,,,,,,,,1605668267,140710701891584,140710701891584,380928,,,,,,,,,,,,
"2025-10-27 14:17:08.7205056Z","2025-10-27 14:17:08.7205056Z","ETW","Microsoft-Windows-Kernel-Process",6,"ImageUnloadInfo "," 4076 attack-612.exe",4236,,," 4076 attack-612.exe",,,"C:\Windows\System32\Windows.StateRepositoryPS.dll",,,,,,,,,,,,,,,,,,,,,829180,,,,,,,,,,,4281556410,140710741475328,140710741475328,802816,,,,,,,,,,,,
"2025-10-27 14:17:08.7205202Z","2025-10-27 14:17:08.7205202Z","ETW","Microsoft-Windows-Kernel-Process",6,"ImageUnloadInfo "," 4076 attack-612.exe",4236,,," 4076 attack-612.exe",,,"C:\Windows\System32\AppxAllUserStore.dll",,,,,,,,,,,,,,,,,,,,,453941,,,,,,,,,,,48412803,140710743375872,140710743375872,438272,,,,,,,,,,,,
"2025-10-27 14:17:08.7205432Z","2025-10-27 14:17:08.7205432Z","ETW","Microsoft-Windows-Kernel-Process",6,"ImageUnloadInfo "," 4076 attack-612.exe",4236,,," 4076 attack-612.exe",,,"C:\Windows\System32\Windows.StateRepositoryClient.dll",,,,,,,,,,,,,,,,,,,,,333822,,,,,,,,,,,994200046,140710855442432,140710855442432,290816,,,,,,,,,,,,
"2025-10-27 14:17:08.7205781Z","2025-10-27 14:17:08.7205781Z","ETW","Microsoft-Windows-Kernel-Process",6,"ImageUnloadInfo "," 4076 attack-612.exe",4236,,," 4076 attack-612.exe",,,"C:\Windows\System32\Windows.StateRepositoryCore.dll",,,,,,,,,,,,,,,,,,,,,121295,,,,,,,,,,,2998121198,140710910230528,140710910230528,106496,,,,,,,,,,,,
"2025-10-27 14:17:08.7206036Z","2025-10-27 14:17:08.7206036Z","ETW","Microsoft-Windows-Kernel-Process",6,"ImageUnloadInfo "," 4076 attack-612.exe",4236,,," 4076 attack-612.exe",,,"C:\Windows\System32\apphelp.dll",,,,,,,,,,,,,,,,,,,,,685021,,,,,,,,,,,306558241,140711015677952,140711015677952,651264,,,,,,,,,,,,
"2025-10-27 14:17:08.7207757Z","2025-10-27 14:17:08.7207757Z","ETW","Microsoft-Windows-Kernel-Process",6,"ImageUnloadInfo "," 4076 attack-612.exe",4236,,," 4076 attack-612.exe",,,"C:\Windows\System32\windows.storage.dll",,,,,,,,,,,,,,,,,,,,,8887203,,,,,,,,,,,798214261,140711027539968,140711027539968,8769536,,,,,,,,,,,,
"2025-10-27 14:17:08.7207919Z","2025-10-27 14:17:08.7207919Z","ETW","Microsoft-Windows-Kernel-Process",6,"ImageUnloadInfo "," 4076 attack-612.exe",4236,,," 4076 attack-612.exe",,,"C:\Windows\System32\kernel.appcore.dll",,,,,,,,,,,,,,,,,,,,,177968,,,,,,,,,,,3162933716,140711045627904,140711045627904,110592,,,,,,,,,,,,
"2025-10-27 14:17:08.7208146Z","2025-10-27 14:17:08.7208146Z","ETW","Microsoft-Windows-Kernel-Process",6,"ImageUnloadInfo "," 4076 attack-612.exe",4236,,," 4076 attack-612.exe",,,"C:\Windows\System32\ntmarta.dll",,,,,,,,,,,,,,,,,,,,,286201,,,,,,,,,,,2803059627,140711046807552,140711046807552,221184,,,,,,,,,,,,
"2025-10-27 14:17:08.7208303Z","2025-10-27 14:17:08.7208303Z","ETW","Microsoft-Windows-Kernel-Process",6,"ImageUnloadInfo "," 4076 attack-612.exe",4236,,," 4076 attack-612.exe",,,"C:\Windows\System32\profapi.dll",,,,,,,,,,,,,,,,,,,,,182967,,,,,,,,,,,2107422311,140711063781376,140711063781376,167936,,,,,,,,,,,,
"2025-10-27 14:17:08.7208434Z","2025-10-27 14:17:08.7208434Z","ETW","Microsoft-Windows-Kernel-Process",6,"ImageUnloadInfo "," 4076 attack-612.exe",4236,,," 4076 attack-612.exe",,,"C:\Windows\System32\bcryptprimitives.dll",,,,,,,,,,,,,,,,,,,,,655169,,,,,,,,,,,3977788271,140711064698880,140711064698880,622592,,,,,,,,,,,,
"2025-10-27 14:17:08.7208550Z","2025-10-27 14:17:08.7208550Z","ETW","Microsoft-Windows-Kernel-Process",6,"ImageUnloadInfo "," 4076 attack-612.exe",4236,,," 4076 attack-612.exe",,,"C:\Windows\System32\KernelBase.dll",,,,,,,,,,,,,,,,,,,,,4201576,,,,,,,,,,,1981517683,140711066140672,140711066140672,4136960,,,,,,,,,,,,
"2025-10-27 14:17:08.7208763Z","2025-10-27 14:17:08.7208763Z","ETW","Microsoft-Windows-Kernel-Process",6,"ImageUnloadInfo "," 4076 attack-612.exe",4236,,," 4076 attack-612.exe",,,"C:\Windows\System32\msvcp_win.dll",,,,,,,,,,,,,,,,,,,,,649125,,,,,,,,,,,1093144332,140711070334976,140711070334976,667648,,,,,,,,,,,,
"2025-10-27 14:17:08.7208909Z","2025-10-27 14:17:08.7208909Z","ETW","Microsoft-Windows-Kernel-Process",6,"ImageUnloadInfo "," 4076 attack-612.exe",4236,,," 4076 attack-612.exe",,,"C:\Windows\System32\ucrtbase.dll",,,,,,,,,,,,,,,,,,,,,1399211,,,,,,,,,,,1508749768,140711073218560,140711073218560,1355776,,,,,,,,,,,,
"2025-10-27 14:17:08.7209024Z","2025-10-27 14:17:08.7209024Z","ETW","Microsoft-Windows-Kernel-Process",6,"ImageUnloadInfo "," 4076 attack-612.exe",4236,,," 4076 attack-612.exe",,,"C:\Windows\System32\msvcrt.dll",,,,,,,,,,,,,,,,,,,,,758106,,,,,,,,,,,3198461912,140711082393600,140711082393600,692224,,,,,,,,,,,,
"2025-10-27 14:17:08.7209155Z","2025-10-27 14:17:08.7209155Z","ETW","Microsoft-Windows-Kernel-Process",6,"ImageUnloadInfo "," 4076 attack-612.exe",4236,,," 4076 attack-612.exe",,,"C:\Windows\System32\oleaut32.dll",,,,,,,,,,,,,,,,,,,,,902937,,,,,,,,,,,3898092977,140711091568640,140711091568640,880640,,,,,,,,,,,,
"2025-10-27 14:17:08.7209238Z","2025-10-27 14:17:08.7209238Z","ETW","Microsoft-Windows-Kernel-Process",6,"ImageUnloadInfo "," 4076 attack-612.exe",4236,,," 4076 attack-612.exe",,,"C:\Windows\System32\kernel32.dll",,,,,,,,,,,,,,,,,,,,,844151,,,,,,,,,,,1746094868,140711093010432,140711093010432,823296,,,,,,,,,,,,
"2025-10-27 14:17:08.7209428Z","2025-10-27 14:17:08.7209428Z","ETW","Microsoft-Windows-Kernel-Process",6,"ImageUnloadInfo "," 4076 attack-612.exe",4236,,," 4076 attack-612.exe",,,"C:\Windows\System32\rpcrt4.dll",,,,,,,,,,,,,,,,,,,,,1185784,,,,,,,,,,,3598429018,140711096156160,140711096156160,1146880,,,,,,,,,,,,
"2025-10-27 14:17:08.7209527Z","2025-10-27 14:17:08.7209527Z","ETW","Microsoft-Windows-Kernel-Process",6,"ImageUnloadInfo "," 4076 attack-612.exe",4236,,," 4076 attack-612.exe",,,"C:\Windows\System32\SHCore.dll",,,,,,,,,,,,,,,,,,,,,1021917,,,,,,,,,,,2963687667,140711101267968,140711101267968,991232,,,,,,,,,,,,
"2025-10-27 14:17:08.7209721Z","2025-10-27 14:17:08.7209721Z","ETW","Microsoft-Windows-Kernel-Process",6,"ImageUnloadInfo "," 4076 attack-612.exe",4236,,," 4076 attack-612.exe",,,"C:\Windows\System32\shlwapi.dll",,,,,,,,,,,,,,,,,,,,,465416,,,,,,,,,,,960017527,140711103365120,140711103365120,401408,,,,,,,,,,,,
"2025-10-27 14:17:08.7209800Z","2025-10-27 14:17:08.7209800Z","ETW","Microsoft-Windows-Kernel-Process",6,"ImageUnloadInfo "," 4076 attack-612.exe",4236,,," 4076 attack-612.exe",,,"C:\Windows\System32\sechost.dll",,,,,,,,,,,,,,,,,,,,,731199,,,,,,,,,,,117823328,140711106707456,140711106707456,679936,,,,,,,,,,,,
"2025-10-27 14:17:08.7209997Z","2025-10-27 14:17:08.7209997Z","ETW","Microsoft-Windows-Kernel-Process",6,"ImageUnloadInfo "," 4076 attack-612.exe",4236,,," 4076 attack-612.exe",,,"C:\Windows\System32\combase.dll",,,,,,,,,,,,,,,,,,,,,3695857,,,,,,,,,,,2074935505,140711107428352,140711107428352,3649536,,,,,,,,,,,,
"2025-10-27 14:17:08.7210121Z","2025-10-27 14:17:08.7210121Z","ETW","Microsoft-Windows-Kernel-Process",6,"ImageUnloadInfo "," 4076 attack-612.exe",4236,,," 4076 attack-612.exe",,,"C:\Windows\System32\advapi32.dll",,,,,,,,,,,,,,,,,,,,,806569,,,,,,,,,,,3871129049,140711111098368,140711111098368,737280,,,,,,,,,,,,
"2025-10-27 14:17:08.7210227Z","2025-10-27 14:17:08.7210227Z","ETW","Microsoft-Windows-Kernel-Process",6,"ImageUnloadInfo "," 4076 attack-612.exe",4236,,," 4076 attack-612.exe",,,"C:\Windows\System32\clbcatq.dll",,,,,,,,,,,,,,,,,,,,,773618,,,,,,,,,,,4119808238,140711112343552,140711112343552,724992,,,,,,,,,,,,
"2025-10-27 14:17:08.7210329Z","2025-10-27 14:17:08.7210329Z","ETW","Microsoft-Windows-Kernel-Process",6,"ImageUnloadInfo "," 4076 attack-612.exe",4236,,," 4076 attack-612.exe",,,"C:\Windows\System32\ntdll.dll",,,,,,,,,,,,,,,,,,,,,2538757,,,,,,,,,,,592187216,140711113392128,140711113392128,2523136,,,,,,,,,,,,
"2025-10-27 14:17:08.7210447Z","2025-10-27 14:17:08.7210447Z","ETW","Microsoft-Windows-Kernel-Process",2,"ProcessStopStop "," 4076 attack-612.exe",4236,,," 4076 attack-612.exe",,,"attack-612.exe",,,,,,,,,,,,,,,,,,,134060482157032580,,,,,,,,651,,,,,,,,,1781760,1781760,202855020,0,134060482287202639,101,10,0,0,2,63,0
"2025-10-27 14:17:10.8372625Z","2025-10-27 14:17:10.8372625Z","ETW","Microsoft-Windows-Kernel-Process",4,"ThreadStopStop "," 8644 Notepad.exe",10264,,," 8644 Notepad.exe",,,,,,,,,,,,18446605034646798336,18446605034646773760,2699168710656,0,1039375826944,10264,1037235650560,1037235634176,2699168710656,20235380,,,,,,,,,,,,,,,,,,,,,,,,,,,,,
"2025-10-27 14:17:10.8377288Z","2025-10-27 14:17:10.8377288Z","ETW","Microsoft-Windows-Kernel-Process",6,"ImageUnloadInfo "," 8644 Notepad.exe",10264,,," 8644 Notepad.exe",,,"C:\Program Files\WindowsApps\Microsoft.WindowsNotepad_11.2507.26.0_x64__8wekyb3d8bbwe\Notepad\Notepad.exe",,,,,,,,,,,,,,,,,,,,,2797727,,,,,,,,,,,1754496986,140700758310912,140700758310912,2748416,,,,,,,,,,,,
"2025-10-27 14:17:10.8377413Z","2025-10-27 14:17:10.8377413Z","ETW","Microsoft-Windows-Kernel-Process",6,"ImageUnloadInfo "," 8644 Notepad.exe",10264,,," 8644 Notepad.exe",,,"C:\Program Files\WindowsApps\Microsoft.WindowsAppRuntime.1.7_7000.652.1806.0_x64__8wekyb3d8bbwe\Microsoft.Internal.FrameworkUdk.dll",,,,,,,,,,,,,,,,,,,,,947909,,,,,,,,,,,1680796359,140708278960128,140708278960128,921600,,,,,,,,,,,,
"2025-10-27 14:17:10.8377486Z","2025-10-27 14:17:10.8377486Z","ETW","Microsoft-Windows-Kernel-Process",6,"ImageUnloadInfo "," 8644 Notepad.exe",10264,,," 8644 Notepad.exe",,,"C:\Program Files\WindowsApps\Microsoft.WindowsAppRuntime.1.7_7000.652.1806.0_x64__8wekyb3d8bbwe\CoreMessagingXP.dll",,,,,,,,,,,,,,,,,,,,,1086952,,,,,,,,,,,1466093194,140708284792832,140708284792832,1036288,,,,,,,,,,,,
"2025-10-27 14:17:10.8377558Z","2025-10-27 14:17:10.8377558Z","ETW","Microsoft-Windows-Kernel-Process",6,"ImageUnloadInfo "," 8644 Notepad.exe",10264,,," 8644 Notepad.exe",,,"C:\Program Files\WindowsApps\Microsoft.WindowsAppRuntime.1.7_7000.652.1806.0_x64__8wekyb3d8bbwe\Microsoft.UI.Windowing.Core.dll",,,,,,,,,,,,,,,,,,,,,548416,,,,,,,,,,,2757406773,140709713215488,140709713215488,532480,,,,,,,,,,,,
"2025-10-27 14:17:10.8377864Z","2025-10-27 14:17:10.8377864Z","ETW","Microsoft-Windows-Kernel-Process",6,"ImageUnloadInfo "," 8644 Notepad.exe",10264,,," 8644 Notepad.exe",,,"C:\Windows\System32\Microsoft.Internal.FrameworkUdk.System.dll",,,,,,,,,,,,,,,,,,,,,759542,,,,,,,,,,,2469381841,140710607454208,140710607454208,741376,,,,,,,,,,,,
"2025-10-27 14:17:10.8378030Z","2025-10-27 14:17:10.8378030Z","ETW","Microsoft-Windows-Kernel-Process",6,"ImageUnloadInfo "," 8644 Notepad.exe",10264,,," 8644 Notepad.exe",,,"C:\Windows\System32\winspool.drv",,,,,,,,,,,,,,,,,,,,,749400,,,,,,,,,,,1014812906,140710645465088,140710645465088,724992,,,,,,,,,,,,
"2025-10-27 14:17:10.8378160Z","2025-10-27 14:17:10.8378160Z","ETW","Microsoft-Windows-Kernel-Process",6,"ImageUnloadInfo "," 8644 Notepad.exe",10264,,," 8644 Notepad.exe",,,"C:\Windows\System32\container.dll",,,,,,,,,,,,,,,,,,,,,342070,,,,,,,,,,,3129326832,140710694748160,140710694748160,307200,,,,,,,,,,,,
"2025-10-27 14:17:10.8378347Z","2025-10-27 14:17:10.8378347Z","ETW","Microsoft-Windows-Kernel-Process",6,"ImageUnloadInfo "," 8644 Notepad.exe",10264,,," 8644 Notepad.exe",,,"C:\Windows\System32\daxexec.dll",,,,,,,,,,,,,,,,,,,,,1162516,,,,,,,,,,,2190381932,140710695075840,140710695075840,1146880,,,,,,,,,,,,
"2025-10-27 14:17:10.8378481Z","2025-10-27 14:17:10.8378481Z","ETW","Microsoft-Windows-Kernel-Process",6,"ImageUnloadInfo "," 8644 Notepad.exe",10264,,," 8644 Notepad.exe",,,"C:\Windows\System32\capauthz.dll",,,,,,,,,,,,,,,,,,,,,396500,,,,,,,,,,,1605668267,140710701891584,140710701891584,380928,,,,,,,,,,,,
"2025-10-27 14:17:10.8378669Z","2025-10-27 14:17:10.8378669Z","ETW","Microsoft-Windows-Kernel-Process",6,"ImageUnloadInfo "," 8644 Notepad.exe",10264,,," 8644 Notepad.exe",,,"C:\Program Files\WindowsApps\Microsoft.VCLibs.140.00.UWPDesktop_14.0.33728.0_x64__8wekyb3d8bbwe\msvcp140.dll",,,,,,,,,,,,,,,,,,,,,603644,,,,,,,,,,,2926311296,140710765527040,140710765527040,577536,,,,,,,,,,,,
"2025-10-27 14:17:10.8378795Z","2025-10-27 14:17:10.8378795Z","ETW","Microsoft-Windows-Kernel-Process",6,"ImageUnloadInfo "," 8644 Notepad.exe",10264,,," 8644 Notepad.exe",,,"C:\Windows\System32\icu.dll",,,,,,,,,,,,,,,,,,,,,2809356,,,,,,,,,,,3016574355,140710821691392,140710821691392,2744320,,,,,,,,,,,,
"2025-10-27 14:17:10.8378977Z","2025-10-27 14:17:10.8378977Z","ETW","Microsoft-Windows-Kernel-Process",6,"ImageUnloadInfo "," 8644 Notepad.exe",10264,,," 8644 Notepad.exe",,,"C:\Windows\System32\srvcli.dll",,,,,,,,,,,,,,,,,,,,,181029,,,,,,,,,,,239922031,140710837944320,140710837944320,167936,,,,,,,,,,,,
"2025-10-27 14:17:10.8379105Z","2025-10-27 14:17:10.8379105Z","ETW","Microsoft-Windows-Kernel-Process",6,"ImageUnloadInfo "," 8644 Notepad.exe",10264,,," 8644 Notepad.exe",,,"C:\Windows\System32\iertutil.dll",,,,,,,,,,,,,,,,,,,,,2958748,,,,,,,,,,,147340823,140710838140928,140710838140928,2904064,,,,,,,,,,,,
"2025-10-27 14:17:10.8379180Z","2025-10-27 14:17:10.8379180Z","ETW","Microsoft-Windows-Kernel-Process",6,"ImageUnloadInfo "," 8644 Notepad.exe",10264,,," 8644 Notepad.exe",,,"C:\Windows\System32\urlmon.dll",,,,,,,,,,,,,,,,,,,,,1927318,,,,,,,,,,,1621290776,140710841090048,140710841090048,1966080,,,,,,,,,,,,
"2025-10-27 14:17:10.8379268Z","2025-10-27 14:17:10.8379268Z","ETW","Microsoft-Windows-Kernel-Process",6,"ImageUnloadInfo "," 8644 Notepad.exe",10264,,," 8644 Notepad.exe",,,"C:\Windows\System32\Windows.StateRepositoryClient.dll",,,,,,,,,,,,,,,,,,,,,333822,,,,,,,,,,,994200046,140710855442432,140710855442432,290816,,,,,,,,,,,,
"2025-10-27 14:17:10.8379310Z","2025-10-27 14:17:10.8379310Z","ETW","Microsoft-Windows-Kernel-Process",6,"ImageUnloadInfo "," 8644 Notepad.exe",10264,,," 8644 Notepad.exe",,,"C:\Program Files\WindowsApps\Microsoft.VCLibs.140.00.UWPDesktop_14.0.33728.0_x64__8wekyb3d8bbwe\vcruntime140.dll",,,,,,,,,,,,,,,,,,,,,171050,,,,,,,,,,,4092127091,140710863962112,140710863962112,122880,,,,,,,,,,,,
"2025-10-27 14:17:10.8379429Z","2025-10-27 14:17:10.8379429Z","ETW","Microsoft-Windows-Kernel-Process",6,"ImageUnloadInfo "," 8644 Notepad.exe",10264,,," 8644 Notepad.exe",,,"C:\Windows\System32\BCP47Langs.dll",,,,,,,,,,,,,,,,,,,,,394325,,,,,,,,,,,2655356928,140710867632128,140710867632128,385024,,,,,,,,,,,,
"2025-10-27 14:17:10.8379482Z","2025-10-27 14:17:10.8379482Z","ETW","Microsoft-Windows-Kernel-Process",6,"ImageUnloadInfo "," 8644 Notepad.exe",10264,,," 8644 Notepad.exe",,,"C:\Windows\WinSxS\amd64_microsoft.windows.common-controls_6595b64144ccf1df_6.0.26100.6899_none_3e0efeeae32e88c1\comctl32.dll",,,,,,,,,,,,,,,,,,,,,2738802,,,,,,,,,,,576278460,140710882574336,140710882574336,2699264,,,,,,,,,,,,
"2025-10-27 14:17:10.8379767Z","2025-10-27 14:17:10.8379767Z","ETW","Microsoft-Windows-Kernel-Process",6,"ImageUnloadInfo "," 8644 Notepad.exe",10264,,," 8644 Notepad.exe",,,"C:\Windows\System32\Windows.StateRepositoryCore.dll",,,,,,,,,,,,,,,,,,,,,121295,,,,,,,,,,,2998121198,140710910230528,140710910230528,106496,,,,,,,,,,,,
"2025-10-27 14:17:10.8379828Z","2025-10-27 14:17:10.8379828Z","ETW","Microsoft-Windows-Kernel-Process",6,"ImageUnloadInfo "," 8644 Notepad.exe",10264,,," 8644 Notepad.exe",,,"C:\Program Files\WindowsApps\Microsoft.VCLibs.140.00.UWPDesktop_14.0.33728.0_x64__8wekyb3d8bbwe\msvcp140_atomic_wait.dll",,,,,,,,,,,,,,,,,,,,,60856,,,,,,,,,,,1625823556,140710981009408,140710981009408,81920,,,,,,,,,,,,
"2025-10-27 14:17:10.8379921Z","2025-10-27 14:17:10.8379921Z","ETW","Microsoft-Windows-Kernel-Process",6,"ImageUnloadInfo "," 8644 Notepad.exe",10264,,," 8644 Notepad.exe",,,"C:\Windows\System32\propsys.dll",,,,,,,,,,,,,,,,,,,,,1139116,,,,,,,,,,,4204596999,140710982189056,140710982189056,1064960,,,,,,,,,,,,
"2025-10-27 14:17:10.8379972Z","2025-10-27 14:17:10.8379972Z","ETW","Microsoft-Windows-Kernel-Process",6,"ImageUnloadInfo "," 8644 Notepad.exe",10264,,," 8644 Notepad.exe",,,"C:\Program Files\WindowsApps\Microsoft.VCLibs.140.00.UWPDesktop_14.0.33728.0_x64__8wekyb3d8bbwe\vcruntime140_1.dll",,,,,,,,,,,,,,,,,,,,,66730,,,,,,,,,,,1073573567,140710985662464,140710985662464,49152,,,,,,,,,,,,
"2025-10-27 14:17:10.8380179Z","2025-10-27 14:17:10.8380179Z","ETW","Microsoft-Windows-Kernel-Process",6,"ImageUnloadInfo "," 8644 Notepad.exe",10264,,," 8644 Notepad.exe",,,"C:\Windows\System32\Microsoft.Internal.WarpPal.dll",,,,,,,,,,,,,,,,,,,,,167600,,,,,,,,,,,2132685858,140710990643200,140710990643200,102400,,,,,,,,,,,,
"2025-10-27 14:17:10.8380324Z","2025-10-27 14:17:10.8380324Z","ETW","Microsoft-Windows-Kernel-Process",6,"ImageUnloadInfo "," 8644 Notepad.exe",10264,,," 8644 Notepad.exe",,,"C:\Windows\System32\dcomp.dll",,,,,,,,,,,,,,,,,,,,,2270290,,,,,,,,,,,578597555,140711004733440,140711004733440,2236416,,,,,,,,,,,,
"2025-10-27 14:17:10.8380461Z","2025-10-27 14:17:10.8380461Z","ETW","Microsoft-Windows-Kernel-Process",6,"ImageUnloadInfo "," 8644 Notepad.exe",10264,,," 8644 Notepad.exe",,,"C:\Windows\System32\CoreMessaging.dll",,,,,,,,,,,,,,,,,,,,,1276090,,,,,,,,,,,3802617839,140711011483648,140711011483648,1200128,,,,,,,,,,,,
"2025-10-27 14:17:10.8380578Z","2025-10-27 14:17:10.8380578Z","ETW","Microsoft-Windows-Kernel-Process",6,"ImageUnloadInfo "," 8644 Notepad.exe",10264,,," 8644 Notepad.exe",,,"C:\Windows\System32\uxtheme.dll",,,,,,,,,,,,,,,,,,,,,709862,,,,,,,,,,,3538617358,140711017578496,140711017578496,696320,,,,,,,,,,,,
"2025-10-27 14:17:10.8380697Z","2025-10-27 14:17:10.8380697Z","ETW","Microsoft-Windows-Kernel-Process",6,"ImageUnloadInfo "," 8644 Notepad.exe",10264,,," 8644 Notepad.exe",,,"C:\Windows\System32\dwmapi.dll",,,,,,,,,,,,,,,,,,,,,179167,,,,,,,,,,,2697878293,140711020265472,140711020265472,184320,,,,,,,,,,,,
"2025-10-27 14:17:10.8380946Z","2025-10-27 14:17:10.8380946Z","ETW","Microsoft-Windows-Kernel-Process",6,"ImageUnloadInfo "," 8644 Notepad.exe",10264,,," 8644 Notepad.exe",,,"C:\Windows\System32\windows.storage.dll",,,,,,,,,,,,,,,,,,,,,8887203,,,,,,,,,,,798214261,140711027539968,140711027539968,8769536,,,,,,,,,,,,
"2025-10-27 14:17:10.8381068Z","2025-10-27 14:17:10.8381068Z","ETW","Microsoft-Windows-Kernel-Process",6,"ImageUnloadInfo "," 8644 Notepad.exe",10264,,," 8644 Notepad.exe",,,"C:\Windows\System32\netutils.dll",,,,,,,,,,,,,,,,,,,,,80696,,,,,,,,,,,865845000,140711039205376,140711039205376,53248,,,,,,,,,,,,
"2025-10-27 14:17:10.8381189Z","2025-10-27 14:17:10.8381189Z","ETW","Microsoft-Windows-Kernel-Process",6,"ImageUnloadInfo "," 8644 Notepad.exe",10264,,," 8644 Notepad.exe",,,"C:\Windows\System32\kernel.appcore.dll",,,,,,,,,,,,,,,,,,,,,177968,,,,,,,,,,,3162933716,140711045627904,140711045627904,110592,,,,,,,,,,,,
"2025-10-27 14:17:10.8381298Z","2025-10-27 14:17:10.8381298Z","ETW","Microsoft-Windows-Kernel-Process",6,"ImageUnloadInfo "," 8644 Notepad.exe",10264,,," 8644 Notepad.exe",,,"C:\Windows\System32\ntmarta.dll",,,,,,,,,,,,,,,,,,,,,286201,,,,,,,,,,,2803059627,140711046807552,140711046807552,221184,,,,,,,,,,,,
"2025-10-27 14:17:10.8381610Z","2025-10-27 14:17:10.8381610Z","ETW","Microsoft-Windows-Kernel-Process",6,"ImageUnloadInfo "," 8644 Notepad.exe",10264,,," 8644 Notepad.exe",,,"C:\Windows\System32\cfgmgr32.dll",,,,,,,,,,,,,,,,,,,,,378754,,,,,,,,,,,836129831,140711059783680,140711059783680,356352,,,,,,,,,,,,
"2025-10-27 14:17:10.8381695Z","2025-10-27 14:17:10.8381695Z","ETW","Microsoft-Windows-Kernel-Process",6,"ImageUnloadInfo "," 8644 Notepad.exe",10264,,," 8644 Notepad.exe",,,"C:\Windows\System32\profapi.dll",,,,,,,,,,,,,,,,,,,,,182967,,,,,,,,,,,2107422311,140711063781376,140711063781376,167936,,,,,,,,,,,,
"2025-10-27 14:17:10.8381773Z","2025-10-27 14:17:10.8381773Z","ETW","Microsoft-Windows-Kernel-Process",6,"ImageUnloadInfo "," 8644 Notepad.exe",10264,,," 8644 Notepad.exe",,,"C:\Windows\System32\bcryptprimitives.dll",,,,,,,,,,,,,,,,,,,,,655169,,,,,,,,,,,3977788271,140711064698880,140711064698880,622592,,,,,,,,,,,,
"2025-10-27 14:17:10.8381844Z","2025-10-27 14:17:10.8381844Z","ETW","Microsoft-Windows-Kernel-Process",6,"ImageUnloadInfo "," 8644 Notepad.exe",10264,,," 8644 Notepad.exe",,,"C:\Windows\System32\KernelBase.dll",,,,,,,,,,,,,,,,,,,,,4201576,,,,,,,,,,,1981517683,140711066140672,140711066140672,4136960,,,,,,,,,,,,
"2025-10-27 14:17:10.8381931Z","2025-10-27 14:17:10.8381931Z","ETW","Microsoft-Windows-Kernel-Process",6,"ImageUnloadInfo "," 8644 Notepad.exe",10264,,," 8644 Notepad.exe",,,"C:\Windows\System32\msvcp_win.dll",,,,,,,,,,,,,,,,,,,,,649125,,,,,,,,,,,1093144332,140711070334976,140711070334976,667648,,,,,,,,,,,,
"2025-10-27 14:17:10.8382092Z","2025-10-27 14:17:10.8382092Z","ETW","Microsoft-Windows-Kernel-Process",6,"ImageUnloadInfo "," 8644 Notepad.exe",10264,,," 8644 Notepad.exe",,,"C:\Windows\System32\crypt32.dll",,,,,,,,,,,,,,,,,,,,,1534966,,,,,,,,,,,2566642874,140711071645696,140711071645696,1536000,,,,,,,,,,,,
"2025-10-27 14:17:10.8382166Z","2025-10-27 14:17:10.8382166Z","ETW","Microsoft-Windows-Kernel-Process",6,"ImageUnloadInfo "," 8644 Notepad.exe",10264,,," 8644 Notepad.exe",,,"C:\Windows\System32\ucrtbase.dll",,,,,,,,,,,,,,,,,,,,,1399211,,,,,,,,,,,1508749768,140711073218560,140711073218560,1355776,,,,,,,,,,,,
"2025-10-27 14:17:10.8382236Z","2025-10-27 14:17:10.8382236Z","ETW","Microsoft-Windows-Kernel-Process",6,"ImageUnloadInfo "," 8644 Notepad.exe",10264,,," 8644 Notepad.exe",,,"C:\Windows\System32\WinTypes.dll",,,,,,,,,,,,,,,,,,,,,1568994,,,,,,,,,,,1650891442,140711074594816,140711074594816,1486848,,,,,,,,,,,,
"2025-10-27 14:17:10.8382304Z","2025-10-27 14:17:10.8382304Z","ETW","Microsoft-Windows-Kernel-Process",6,"ImageUnloadInfo "," 8644 Notepad.exe",10264,,," 8644 Notepad.exe",,,"C:\Windows\System32\win32u.dll",,,,,,,,,,,,,,,,,,,,,189889,,,,,,,,,,,3893946825,140711076102144,140711076102144,159744,,,,,,,,,,,,
"2025-10-27 14:17:10.8382384Z","2025-10-27 14:17:10.8382384Z","ETW","Microsoft-Windows-Kernel-Process",6,"ImageUnloadInfo "," 8644 Notepad.exe",10264,,," 8644 Notepad.exe",,,"C:\Windows\System32\gdi32full.dll",,,,,,,,,,,,,,,,,,,,,1265787,,,,,,,,,,,1728895390,140711076298752,140711076298752,1232896,,,,,,,,,,,,
"2025-10-27 14:17:10.8382448Z","2025-10-27 14:17:10.8382448Z","ETW","Microsoft-Windows-Kernel-Process",6,"ImageUnloadInfo "," 8644 Notepad.exe",10264,,," 8644 Notepad.exe",,,"C:\Windows\System32\msvcrt.dll",,,,,,,,,,,,,,,,,,,,,758106,,,,,,,,,,,3198461912,140711082393600,140711082393600,692224,,,,,,,,,,,,
"2025-10-27 14:17:10.8382527Z","2025-10-27 14:17:10.8382527Z","ETW","Microsoft-Windows-Kernel-Process",6,"ImageUnloadInfo "," 8644 Notepad.exe",10264,,," 8644 Notepad.exe",,,"C:\Windows\System32\imm32.dll",,,,,,,,,,,,,,,,,,,,,237947,,,,,,,,,,,2763417762,140711083638784,140711083638784,192512,,,,,,,,,,,,
"2025-10-27 14:17:10.8382740Z","2025-10-27 14:17:10.8382740Z","ETW","Microsoft-Windows-Kernel-Process",6,"ImageUnloadInfo "," 8644 Notepad.exe",10264,,," 8644 Notepad.exe",,,"C:\Windows\System32\shell32.dll",,,,,,,,,,,,,,,,,,,,,7753361,,,,,,,,,,,2280271250,140711083900928,140711083900928,7655424,,,,,,,,,,,,
"2025-10-27 14:17:10.8382862Z","2025-10-27 14:17:10.8382862Z","ETW","Microsoft-Windows-Kernel-Process",6,"ImageUnloadInfo "," 8644 Notepad.exe",10264,,," 8644 Notepad.exe",,,"C:\Windows\System32\oleaut32.dll",,,,,,,,,,,,,,,,,,,,,902937,,,,,,,,,,,3898092977,140711091568640,140711091568640,880640,,,,,,,,,,,,
"2025-10-27 14:17:10.8382977Z","2025-10-27 14:17:10.8382977Z","ETW","Microsoft-Windows-Kernel-Process",6,"ImageUnloadInfo "," 8644 Notepad.exe",10264,,," 8644 Notepad.exe",,,"C:\Windows\System32\gdi32.dll",,,,,,,,,,,,,,,,,,,,,224859,,,,,,,,,,,234412959,140711092486144,140711092486144,176128,,,,,,,,,,,,
"2025-10-27 14:17:10.8383094Z","2025-10-27 14:17:10.8383094Z","ETW","Microsoft-Windows-Kernel-Process",6,"ImageUnloadInfo "," 8644 Notepad.exe",10264,,," 8644 Notepad.exe",,,"C:\Windows\System32\kernel32.dll",,,,,,,,,,,,,,,,,,,,,844151,,,,,,,,,,,1746094868,140711093010432,140711093010432,823296,,,,,,,,,,,,
"2025-10-27 14:17:10.8383313Z","2025-10-27 14:17:10.8383313Z","ETW","Microsoft-Windows-Kernel-Process",6,"ImageUnloadInfo "," 8644 Notepad.exe",10264,,," 8644 Notepad.exe",,,"C:\Windows\System32\ole32.dll",,,,,,,,,,,,,,,,,,,,,1710585,,,,,,,,,,,770585389,140711094452224,140711094452224,1671168,,,,,,,,,,,,
"2025-10-27 14:17:10.8383431Z","2025-10-27 14:17:10.8383431Z","ETW","Microsoft-Windows-Kernel-Process",6,"ImageUnloadInfo "," 8644 Notepad.exe",10264,,," 8644 Notepad.exe",,,"C:\Windows\System32\rpcrt4.dll",,,,,,,,,,,,,,,,,,,,,1185784,,,,,,,,,,,3598429018,140711096156160,140711096156160,1146880,,,,,,,,,,,,
"2025-10-27 14:17:10.8383543Z","2025-10-27 14:17:10.8383543Z","ETW","Microsoft-Windows-Kernel-Process",6,"ImageUnloadInfo "," 8644 Notepad.exe",10264,,," 8644 Notepad.exe",,,"C:\Windows\System32\SHCore.dll",,,,,,,,,,,,,,,,,,,,,1021917,,,,,,,,,,,2963687667,140711101267968,140711101267968,991232,,,,,,,,,,,,
"2025-10-27 14:17:10.8383663Z","2025-10-27 14:17:10.8383663Z","ETW","Microsoft-Windows-Kernel-Process",6,"ImageUnloadInfo "," 8644 Notepad.exe",10264,,," 8644 Notepad.exe",,,"C:\Windows\System32\comdlg32.dll",,,,,,,,,,,,,,,,,,,,,1022067,,,,,,,,,,,3073174542,140711102316544,140711102316544,995328,,,,,,,,,,,,
"2025-10-27 14:17:10.8383855Z","2025-10-27 14:17:10.8383855Z","ETW","Microsoft-Windows-Kernel-Process",6,"ImageUnloadInfo "," 8644 Notepad.exe",10264,,," 8644 Notepad.exe",,,"C:\Windows\System32\shlwapi.dll",,,,,,,,,,,,,,,,,,,,,465416,,,,,,,,,,,960017527,140711103365120,140711103365120,401408,,,,,,,,,,,,
"2025-10-27 14:17:10.8384009Z","2025-10-27 14:17:10.8384009Z","ETW","Microsoft-Windows-Kernel-Process",6,"ImageUnloadInfo "," 8644 Notepad.exe",10264,,," 8644 Notepad.exe",,,"C:\Windows\System32\user32.dll",,,,,,,,,,,,,,,,,,,,,1879241,,,,,,,,,,,560336548,140711103954944,140711103954944,1855488,,,,,,,,,,,,
"2025-10-27 14:17:10.8384128Z","2025-10-27 14:17:10.8384128Z","ETW","Microsoft-Windows-Kernel-Process",6,"ImageUnloadInfo "," 8644 Notepad.exe",10264,,," 8644 Notepad.exe",,,"C:\Windows\System32\sechost.dll",,,,,,,,,,,,,,,,,,,,,731199,,,,,,,,,,,117823328,140711106707456,140711106707456,679936,,,,,,,,,,,,
"2025-10-27 14:17:10.8384243Z","2025-10-27 14:17:10.8384243Z","ETW","Microsoft-Windows-Kernel-Process",6,"ImageUnloadInfo "," 8644 Notepad.exe",10264,,," 8644 Notepad.exe",,,"C:\Windows\System32\combase.dll",,,,,,,,,,,,,,,,,,,,,3695857,,,,,,,,,,,2074935505,140711107428352,140711107428352,3649536,,,,,,,,,,,,
"2025-10-27 14:17:10.8384354Z","2025-10-27 14:17:10.8384354Z","ETW","Microsoft-Windows-Kernel-Process",6,"ImageUnloadInfo "," 8644 Notepad.exe",10264,,," 8644 Notepad.exe",,,"C:\Windows\System32\advapi32.dll",,,,,,,,,,,,,,,,,,,,,806569,,,,,,,,,,,3871129049,140711111098368,140711111098368,737280,,,,,,,,,,,,
"2025-10-27 14:17:10.8384591Z","2025-10-27 14:17:10.8384591Z","ETW","Microsoft-Windows-Kernel-Process",6,"ImageUnloadInfo "," 8644 Notepad.exe",10264,,," 8644 Notepad.exe",,,"C:\Windows\System32\clbcatq.dll",,,,,,,,,,,,,,,,,,,,,773618,,,,,,,,,,,4119808238,140711112343552,140711112343552,724992,,,,,,,,,,,,
"2025-10-27 14:17:10.8384714Z","2025-10-27 14:17:10.8384714Z","ETW","Microsoft-Windows-Kernel-Process",6,"ImageUnloadInfo "," 8644 Notepad.exe",10264,,," 8644 Notepad.exe",,,"C:\Windows\System32\ntdll.dll",,,,,,,,,,,,,,,,,,,,,2538757,,,,,,,,,,,592187216,140711113392128,140711113392128,2523136,,,,,,,,,,,,
"2025-10-27 14:17:10.8384878Z","2025-10-27 14:17:10.8384878Z","ETW","Microsoft-Windows-Kernel-Process",2,"ProcessStopStop "," 8644 Notepad.exe",10264,,," 8644 Notepad.exe",,,"Notepad.exe",,,,,,,,,,,,,,,,,,,134060482218702693,,,,,,,,653,,,,,,,,,3170304,3219456,321069600,3221225477,134060482308376411,191,0,1,37,2,0,0
