timestamp_sys,timestamp_etw,src_type,provider_name,event_id,task_info,process_id,thread_id,ppid,pid,targetpid,targettid,message,filepath,cachename,result,vname,sigseq,sigsha,commandline,firstparam,secondparam,stackbase,stacklimit,startaddr,subprocesstag,tebbase,threadid,userstackbase,userstacklimit,win32startaddr,cycletime,createtime,flags,imagechecksum,mandatorylabel,packagefullname,packagerelativeappid,parentprocessid,parentprocesssequencenumber,processsequencenumber,processtokenelevationtype,processtokeniselevated,securitymitigations,sessionid,timedatestamp,commitcharge,commitpeak,cpucyclecount,exitcode,exittime,handlecount,hardfaultcount,readoperationcount,readtransferkilobytes,tokenelevationtype,writeoperationcount,writetransferkilobytes
"2025-10-27 11:58:57.350161400Z","2025-10-27 11:58:57.3501657Z","myETW","EDRi-Provider",4242,"EDRi-Event","11364 EDRi.exe",,,,,,"++ EDRi START MARKER ++",,,,,,,,,,,,,,,,,,,,,,,,,,,,,,,,,,,,,,,,,,,,,
"2025-10-27 11:58:58.3758684Z","2025-10-27 11:58:58.3758684Z","ETW","Microsoft-Windows-Kernel-Process",3,"ThreadStartStart ","11364 EDRi.exe",9612,,," 3944 MsMpEng.exe",,,,,,,,,,,,18446672673172754432,18446672673172729856,2531215544016,0,775799873536,8932,775816740864,775816675328,2531215544016,,,,,,,,,,,,,,,,,,,,,,,,,,,
"2025-10-27 11:58:58.3768980Z","2025-10-27 11:58:58.3768980Z","ETW","Microsoft-Windows-Kernel-Process",3,"ThreadStartStart "," 3944 MsMpEng.exe",8932,,," 3944 MsMpEng.exe",,,,,,,,,,,,18446672673183006720,18446672673182982144,2531215883616,0,775799881728,13036,775820935168,775820869632,2531215883616,,,,,,,,,,,,,,,,,,,,,,,,,,,
"2025-10-27 11:58:58.3770183Z","2025-10-27 11:58:58.3770183Z","ETW","Microsoft-Windows-Kernel-Process",4,"ThreadStopStop "," 3944 MsMpEng.exe",8932,,," 3944 MsMpEng.exe",,,,,,,,,,,,18446672673172754432,18446672673172729856,2531215544016,0,775799873536,8932,775816740864,775816675328,2531215544016,0,,,,,,,,,,,,,,,,,,,,,,,,,,
"2025-10-27 11:58:58.5639290Z","2025-10-27 11:58:58.5639290Z","ETW","Microsoft-Windows-Kernel-Process",4,"ThreadStopStop "," 3944 MsMpEng.exe",13036,,," 3944 MsMpEng.exe",,,,,,,,,,,,18446672673183006720,18446672673182982144,2531215883616,0,775799881728,13036,775820935168,775820869632,2531215883616,662172420,,,,,,,,,,,,,,,,,,,,,,,,,,
"2025-10-27 11:59:00.399896800Z","2025-10-27 11:59:00.3999015Z","myETW","EDRi-Provider",4242,"EDRi-Event","11364 EDRi.exe",,,,,,"Before decrypting the attack exe from C:\Users\hacker\source\repos\EDR-Introspection\x64\Release\attacks\Injector.exe.enc",,,,,,,,,,,,,,,,,,,,,,,,,,,,,,,,,,,,,,,,,,,,,
"2025-10-27 11:59:00.405617800Z","2025-10-27 11:59:00.4056621Z","myETW","EDRi-Provider",4242,"EDRi-Event","11364 EDRi.exe",,,,,,"After decrypting the attack exe",,,,,,,,,,,,,,,,,,,,,,,,,,,,,,,,,,,,,,,,,,,,,
"2025-10-27 11:59:01.421889600Z","2025-10-27 11:59:01.4218946Z","myETW","EDRi-Provider",4242,"EDRi-Event","11364 EDRi.exe",,,,,,"Before starting the attack exe",,,,,,,,,,,,,,,,,,,,,,,,,,,,,,,,,,,,,,,,,,,,,
"2025-10-27 11:59:02.5672949Z","2025-10-27 11:59:02.5672949Z","ETW","Microsoft-Windows-Kernel-Process",1,"ProcessStartStart ","11364 EDRi.exe",14956,,," 8156 attack-187.exe",,,"C:\Users\Public\Downloads\attack-187.exe",,,,,,,,,,,,,,,,,,,134060399425672088,0,0,"0x","","",11364,5703,5709,2,1,0,1,1761550891,,,,,,,,,,,,
"2025-10-27 11:59:02.5713831Z","2025-10-27 11:59:02.5713831Z","ETW","Microsoft-Windows-Kernel-Process",3,"ThreadStartStart ","11364 EDRi.exe",14956,,," 8156 attack-187.exe",,,,,,,,,,,,18446672673107877888,18446672673107853312,140697554339584,0,503564570624,13380,503563616256,503563612160,140697554339584,,,,,,,,,,,,,,,,,,,,,,,,,,,
"2025-10-27 11:59:02.607073100Z","2025-10-27 11:59:02.6070758Z","myETW","EDRi-Provider",4242,"EDRi-Event","11364 EDRi.exe",,,,,,"After starting the attack exe",,,,,,,,,,,,,,,,,,,,,,,,,,,,,,,,,,,,,,,,,,,,,
"2025-10-27 11:59:02.607675300Z","2025-10-27 11:59:02.6076769Z","myETW","Hook-Provider",7007,"EDRHookTask"," 3944 MsMpEng.exe",,,," 3944 MsMpEng.exe",,"NtOpenFile C:\Users\Public\Downloads\attack-187.exe with 0x100080",,,,,,,,,,,,,,,,,,,,,,,,,,,,,,,,,,,,,,,,,,,,,
"2025-10-27 11:59:02.612741000Z","2025-10-27 11:59:02.6127424Z","myETW","Hook-Provider",7007,"EDRHookTask"," 3944 MsMpEng.exe",,,," 8156 attack-187.exe",,"NtOpenProcess with 0x1410",,,,,,,,,,,,,,,,,,,,,,,,,,,,,,,,,,,,,,,,,,,,,
"2025-10-27 11:59:02.612751000Z","2025-10-27 11:59:02.6127515Z","myETW","Hook-Provider",7007,"EDRHookTask"," 3944 MsMpEng.exe",,,," 8156 attack-187.exe",,"NtReadVirtualMemory 8 bytes at 0x000000753ec98010",,,,,,,,,,,,,,,,,,,,,,,,,,,,,,,,,,,,,,,,,,,,,
"2025-10-27 11:59:02.612755800Z","2025-10-27 11:59:02.6127564Z","myETW","Hook-Provider",7007,"EDRHookTask"," 3944 MsMpEng.exe",,,," 8156 attack-187.exe",,"NtReadVirtualMemory 8 bytes at 0x000000753ec98018",,,,,,,,,,,,,,,,,,,,,,,,,,,,,,,,,,,,,,,,,,,,,
"2025-10-27 11:59:02.612758700Z","2025-10-27 11:59:02.6127590Z","myETW","Hook-Provider",7007,"EDRHookTask"," 3944 MsMpEng.exe",,,," 8156 attack-187.exe",,"NtReadVirtualMemory 8 bytes at 0x00007fffed5f2920",,,,,,,,,,,,,,,,,,,,,,,,,,,,,,,,,,,,,,,,,,,,,
"2025-10-27 11:59:02.612760500Z","2025-10-27 11:59:02.6127608Z","myETW","Hook-Provider",7007,"EDRHookTask"," 3944 MsMpEng.exe",,,," 8156 attack-187.exe",,"NtReadVirtualMemory 136 bytes at 0x0000022fb6583710",,,,,,,,,,,,,,,,,,,,,,,,,,,,,,,,,,,,,,,,,,,,,
"2025-10-27 11:59:02.612770300Z","2025-10-27 11:59:02.6127707Z","myETW","Hook-Provider",7007,"EDRHookTask"," 3944 MsMpEng.exe",,,," 8156 attack-187.exe",,"NtClose process",,,,,,,,,,,,,,,,,,,,,,,,,,,,,,,,,,,,,,,,,,,,,
"2025-10-27 11:59:02.614992400Z","2025-10-27 11:59:02.6149947Z","myETW","Hook-Provider",7007,"EDRHookTask"," 3944 MsMpEng.exe",,,," 8156 attack-187.exe",,"NtOpenProcess with 0x1410",,,,,,,,,,,,,,,,,,,,,,,,,,,,,,,,,,,,,,,,,,,,,
"2025-10-27 11:59:02.615007100Z","2025-10-27 11:59:02.6150077Z","myETW","Hook-Provider",7007,"EDRHookTask"," 3944 MsMpEng.exe",,,," 8156 attack-187.exe",,"NtClose process",,,,,,,,,,,,,,,,,,,,,,,,,,,,,,,,,,,,,,,,,,,,,
"2025-10-27 11:59:02.7093296Z","2025-10-27 11:59:02.7093296Z","ETW","Microsoft-Windows-Kernel-Process",3,"ThreadStartStart "," 8156 attack-187.exe",13380,,," 8156 attack-187.exe",,,,,,,,,,,,18446672673108586496,18446672673108561920,140737174395840,0,503564578816,6444,503567089664,503567085568,140737174395840,,,,,,,,,,,,,,,,,,,,,,,,,,,
"2025-10-27 11:59:02.7099456Z","2025-10-27 11:59:02.7099456Z","ETW","Microsoft-Windows-Kernel-Process",3,"ThreadStartStart "," 8156 attack-187.exe",6444,,," 8156 attack-187.exe",,,,,,,,,,,,18446672673108779008,18446672673108754432,140737174395840,0,503564587008,13800,503568138240,503568134144,140737174395840,,,,,,,,,,,,,,,,,,,,,,,,,,,
"2025-10-27 11:59:02.7129750Z","2025-10-27 11:59:02.7129750Z","ETW","Microsoft-Windows-Kernel-Process",3,"ThreadStartStart "," 8156 attack-187.exe",13800,,," 8156 attack-187.exe",,,,,,,,,,,,18446672673109037056,18446672673109012480,140737174395840,0,503564595200,1892,503569186816,503569182720,140737174395840,,,,,,,,,,,,,,,,,,,,,,,,,,,
"2025-10-27 11:59:02.724499100Z","2025-10-27 11:59:02.7245028Z","myETW","Attack-Provider",1337,"Attack-Provider"," 8156 attack-187.exe",,,,,,"Injector started with PID 8156",,,,,,,,,,,,,,,,,,,,,,,,,,,,,,,,,,,,,,,,,,,,,
"2025-10-27 11:59:03.081136700Z","2025-10-27 11:59:03.0811409Z","myETW","Hook-Provider",7007,"EDRHookTask"," 3944 MsMpEng.exe",,,," 8156 attack-187.exe",,"NtOpenProcess with 0x101000",,,,,,,,,,,,,,,,,,,,,,,,,,,,,,,,,,,,,,,,,,,,,
"2025-10-27 11:59:03.081181600Z","2025-10-27 11:59:03.0811828Z","myETW","Hook-Provider",7007,"EDRHookTask"," 3944 MsMpEng.exe",,,," 8156 attack-187.exe",,"NtClose process",,,,,,,,,,,,,,,,,,,,,,,,,,,,,,,,,,,,,,,,,,,,,
"2025-10-27 11:59:03.0822764Z","2025-10-27 11:59:03.0822764Z","ETW","Microsoft-Windows-Kernel-Process",3,"ThreadStartStart "," 3944 MsMpEng.exe",15056,,," 3944 MsMpEng.exe",,,,,,,,,,,,18446672673167421440,18446672673167396864,140734493461056,247,775799889920,6364,775816740864,775816675328,140734493461056,,,,,,,,,,,,,,,,,,,,,,,,,,,
"2025-10-27 11:59:03.083692000Z","2025-10-27 11:59:03.0836934Z","myETW","Hook-Provider",7007,"EDRHookTask"," 3944 MsMpEng.exe",,,," 8156 attack-187.exe",,"NtOpenProcess with 0x418",,,,,,,,,,,,,,,,,,,,,,,,,,,,,,,,,,,,,,,,,,,,,
"2025-10-27 11:59:03.083704200Z","2025-10-27 11:59:03.0837047Z","myETW","Hook-Provider",7007,"EDRHookTask"," 3944 MsMpEng.exe",,,," 8156 attack-187.exe",,"NtReadVirtualMemory 8 bytes at 0x000000753ec98018",,,,,,,,,,,,,,,,,,,,,,,,,,,,,,,,,,,,,,,,,,,,,
"2025-10-27 11:59:03.083709900Z","2025-10-27 11:59:03.0837104Z","myETW","Hook-Provider",7007,"EDRHookTask"," 3944 MsMpEng.exe",,,," 8156 attack-187.exe",,"NtReadVirtualMemory 8 bytes at 0x00007fffed5f2920",,,,,,,,,,,,,,,,,,,,,,,,,,,,,,,,,,,,,,,,,,,,,
"2025-10-27 11:59:03.083713800Z","2025-10-27 11:59:03.0837142Z","myETW","Hook-Provider",7007,"EDRHookTask"," 3944 MsMpEng.exe",,,," 8156 attack-187.exe",,"NtReadVirtualMemory 312 bytes at 0x0000022fb6583710",,,,,,,,,,,,,,,,,,,,,,,,,,,,,,,,,,,,,,,,,,,,,
"2025-10-27 11:59:03.083716900Z","2025-10-27 11:59:03.0837172Z","myETW","Hook-Provider",7007,"EDRHookTask"," 3944 MsMpEng.exe",,,," 8156 attack-187.exe",,"NtReadVirtualMemory 312 bytes at 0x0000022fb65834e0",,,,,,,,,,,,,,,,,,,,,,,,,,,,,,,,,,,,,,,,,,,,,
"2025-10-27 11:59:03.083718500Z","2025-10-27 11:59:03.0837186Z","myETW","Hook-Provider",7007,"EDRHookTask"," 3944 MsMpEng.exe",,,," 8156 attack-187.exe",,"NtReadVirtualMemory 312 bytes at 0x0000022fb6588480",,,,,,,,,,,,,,,,,,,,,,,,,,,,,,,,,,,,,,,,,,,,,
"2025-10-27 11:59:03.083720300Z","2025-10-27 11:59:03.0837270Z","myETW","Hook-Provider",7007,"EDRHookTask"," 3944 MsMpEng.exe",,,," 8156 attack-187.exe",,"NtReadVirtualMemory 312 bytes at 0x0000022fb6588b30",,,,,,,,,,,,,,,,,,,,,,,,,,,,,,,,,,,,,,,,,,,,,
"2025-10-27 11:59:03.083730000Z","2025-10-27 11:59:03.0837302Z","myETW","Hook-Provider",7007,"EDRHookTask"," 3944 MsMpEng.exe",,,," 8156 attack-187.exe",,"NtReadVirtualMemory 312 bytes at 0x0000022fb65887d0",,,,,,,,,,,,,,,,,,,,,,,,,,,,,,,,,,,,,,,,,,,,,
"2025-10-27 11:59:03.083731700Z","2025-10-27 11:59:03.0837319Z","myETW","Hook-Provider",7007,"EDRHookTask"," 3944 MsMpEng.exe",,,," 8156 attack-187.exe",,"NtReadVirtualMemory 312 bytes at 0x0000022fb6590750",,,,,,,,,,,,,,,,,,,,,,,,,,,,,,,,,,,,,,,,,,,,,
"2025-10-27 11:59:03.083733400Z","2025-10-27 11:59:03.0837336Z","myETW","Hook-Provider",7007,"EDRHookTask"," 3944 MsMpEng.exe",,,," 8156 attack-187.exe",,"NtReadVirtualMemory 312 bytes at 0x0000022fb6590bb0",,,,,,,,,,,,,,,,,,,,,,,,,,,,,,,,,,,,,,,,,,,,,
"2025-10-27 11:59:03.083734900Z","2025-10-27 11:59:03.0837351Z","myETW","Hook-Provider",7007,"EDRHookTask"," 3944 MsMpEng.exe",,,," 8156 attack-187.exe",,"NtReadVirtualMemory 312 bytes at 0x0000022fb658e040",,,,,,,,,,,,,,,,,,,,,,,,,,,,,,,,,,,,,,,,,,,,,
"2025-10-27 11:59:03.083736400Z","2025-10-27 11:59:03.0837366Z","myETW","Hook-Provider",7007,"EDRHookTask"," 3944 MsMpEng.exe",,,," 8156 attack-187.exe",,"NtReadVirtualMemory 312 bytes at 0x0000022fb658e3f0",,,,,,,,,,,,,,,,,,,,,,,,,,,,,,,,,,,,,,,,,,,,,
"2025-10-27 11:59:03.083737900Z","2025-10-27 11:59:03.0837381Z","myETW","Hook-Provider",7007,"EDRHookTask"," 3944 MsMpEng.exe",,,," 8156 attack-187.exe",,"NtReadVirtualMemory 312 bytes at 0x0000022fb6591b20",,,,,,,,,,,,,,,,,,,,,,,,,,,,,,,,,,,,,,,,,,,,,
"2025-10-27 11:59:03.083739400Z","2025-10-27 11:59:03.0837396Z","myETW","Hook-Provider",7007,"EDRHookTask"," 3944 MsMpEng.exe",,,," 8156 attack-187.exe",,"NtReadVirtualMemory 312 bytes at 0x0000022fb658e810",,,,,,,,,,,,,,,,,,,,,,,,,,,,,,,,,,,,,,,,,,,,,
"2025-10-27 11:59:03.083740800Z","2025-10-27 11:59:03.0837411Z","myETW","Hook-Provider",7007,"EDRHookTask"," 3944 MsMpEng.exe",,,," 8156 attack-187.exe",,"NtReadVirtualMemory 312 bytes at 0x0000022fb658eab0",,,,,,,,,,,,,,,,,,,,,,,,,,,,,,,,,,,,,,,,,,,,,
"2025-10-27 11:59:03.083742400Z","2025-10-27 11:59:03.0837426Z","myETW","Hook-Provider",7007,"EDRHookTask"," 3944 MsMpEng.exe",,,," 8156 attack-187.exe",,"NtReadVirtualMemory 312 bytes at 0x0000022fb65918c0",,,,,,,,,,,,,,,,,,,,,,,,,,,,,,,,,,,,,,,,,,,,,
"2025-10-27 11:59:03.083745400Z","2025-10-27 11:59:03.0837459Z","myETW","Hook-Provider",7007,"EDRHookTask"," 3944 MsMpEng.exe",,,," 8156 attack-187.exe",,"NtReadVirtualMemory 8 bytes at 0x000000753ec98018",,,,,,,,,,,,,,,,,,,,,,,,,,,,,,,,,,,,,,,,,,,,,
"2025-10-27 11:59:03.083748000Z","2025-10-27 11:59:03.0837484Z","myETW","Hook-Provider",7007,"EDRHookTask"," 3944 MsMpEng.exe",,,," 8156 attack-187.exe",,"NtReadVirtualMemory 8 bytes at 0x00007fffed5f2920",,,,,,,,,,,,,,,,,,,,,,,,,,,,,,,,,,,,,,,,,,,,,
"2025-10-27 11:59:03.083750400Z","2025-10-27 11:59:03.0837507Z","myETW","Hook-Provider",7007,"EDRHookTask"," 3944 MsMpEng.exe",,,," 8156 attack-187.exe",,"NtReadVirtualMemory 136 bytes at 0x0000022fb6583710",,,,,,,,,,,,,,,,,,,,,,,,,,,,,,,,,,,,,,,,,,,,,
"2025-10-27 11:59:03.116504600Z","2025-10-27 11:59:03.1165074Z","myETW","Hook-Provider",7007,"EDRHookTask"," 3944 MsMpEng.exe",,,," 8156 attack-187.exe",,"NtClose process",,,,,,,,,,,,,,,,,,,,,,,,,,,,,,,,,,,,,,,,,,,,,
"2025-10-27 11:59:03.1168152Z","2025-10-27 11:59:03.1168152Z","ETW","Microsoft-Windows-Kernel-Process",4,"ThreadStopStop "," 3944 MsMpEng.exe",6364,,," 3944 MsMpEng.exe",,,,,,,,,,,,18446672673167421440,18446672673167396864,140734493461056,247,775799889920,6364,775816740864,775816675328,140734493461056,543020,,,,,,,,,,,,,,,,,,,,,,,,,,
"2025-10-27 11:59:03.6453143Z","2025-10-27 11:59:03.6453143Z","ETW","Microsoft-Windows-Kernel-Process",4,"ThreadStopStop "," 3944 MsMpEng.exe",12476,,," 3944 MsMpEng.exe",,,,,,,,,,,,18446672673138720768,18446672673138696192,140734682905888,247,775799685120,12476,775812022272,775811956736,140734682905888,730360,,,,,,,,,,,,,,,,,,,,,,,,,,
"2025-10-27 11:59:03.6453144Z","2025-10-27 11:59:03.6453144Z","ETW","Microsoft-Windows-Kernel-Process",4,"ThreadStopStop "," 3944 MsMpEng.exe",10928,,," 3944 MsMpEng.exe",,,,,,,,,,,,18446672673144582144,18446672673144557568,140734682905888,247,775799660544,10928,775810449408,775810383872,140734682905888,763040,,,,,,,,,,,,,,,,,,,,,,,,,,
"2025-10-27 11:59:03.6453219Z","2025-10-27 11:59:03.6453219Z","ETW","Microsoft-Windows-Kernel-Process",4,"ThreadStopStop "," 3944 MsMpEng.exe",11688,,," 3944 MsMpEng.exe",,,,,,,,,,,,18446672673120419840,18446672673120395264,140734682905888,247,775799676928,11688,775811497984,775811432448,140734682905888,812820,,,,,,,,,,,,,,,,,,,,,,,,,,
"2025-10-27 11:59:03.6453221Z","2025-10-27 11:59:03.6453221Z","ETW","Microsoft-Windows-Kernel-Process",4,"ThreadStopStop "," 3944 MsMpEng.exe",6828,,," 3944 MsMpEng.exe",,,,,,,,,,,,18446672673145032704,18446672673145008128,140734682905888,247,775799668736,6828,775810973696,775810908160,140734682905888,651700,,,,,,,,,,,,,,,,,,,,,,,,,,
"2025-10-27 11:59:03.6453597Z","2025-10-27 11:59:03.6453597Z","ETW","Microsoft-Windows-Kernel-Process",4,"ThreadStopStop "," 3944 MsMpEng.exe",7148,,," 3944 MsMpEng.exe",,,,,,,,,,,,18446672673144954880,18446672673144930304,140734682905888,247,775799717888,7148,775814119424,775814053888,140734682905888,29520463020,,,,,,,,,,,,,,,,,,,,,,,,,,
"2025-10-27 11:59:03.6453619Z","2025-10-27 11:59:03.6453619Z","ETW","Microsoft-Windows-Kernel-Process",4,"ThreadStopStop "," 3944 MsMpEng.exe",12028,,," 3944 MsMpEng.exe",,,,,,,,,,,,18446672673165406208,18446672673165381632,140734682905888,247,775799693312,12028,775812546560,775812481024,140734682905888,10078360,,,,,,,,,,,,,,,,,,,,,,,,,,
"2025-10-27 11:59:03.6453669Z","2025-10-27 11:59:03.6453669Z","ETW","Microsoft-Windows-Kernel-Process",4,"ThreadStopStop "," 3944 MsMpEng.exe",12884,,," 3944 MsMpEng.exe",,,,,,,,,,,,18446672673144467456,18446672673144442880,140734682905888,247,775799709696,12884,775813595136,775813529600,140734682905888,9261693640,,,,,,,,,,,,,,,,,,,,,,,,,,
"2025-10-27 11:59:03.6453700Z","2025-10-27 11:59:03.6453700Z","ETW","Microsoft-Windows-Kernel-Process",4,"ThreadStopStop "," 3944 MsMpEng.exe",12724,,," 3944 MsMpEng.exe",,,,,,,,,,,,18446672673107005440,18446672673106980864,140734682905888,247,775799701504,12724,775813070848,775813005312,140734682905888,14237080,,,,,,,,,,,,,,,,,,,,,,,,,,
"2025-10-27 11:59:03.6453913Z","2025-10-27 11:59:03.6453913Z","ETW","Microsoft-Windows-Kernel-Process",4,"ThreadStopStop "," 3944 MsMpEng.exe",15056,,," 3944 MsMpEng.exe",,,,,,,,,,,,18446672673168367616,18446672673168343040,140737174395840,0,775799775232,15056,775805730816,775805665280,140737174395840,187540260,,,,,,,,,,,,,,,,,,,,,,,,,,
"2025-10-27 11:59:03.6454072Z","2025-10-27 11:59:03.6454072Z","ETW","Microsoft-Windows-Kernel-Process",4,"ThreadStopStop "," 3944 MsMpEng.exe",6340,,," 3944 MsMpEng.exe",,,,,,,,,,,,18446672673109467136,18446672673109442560,140737161841328,247,775799783424,6340,775817789440,775817723904,140737161841328,29996060,,,,,,,,,,,,,,,,,,,,,,,,,,
"2025-10-27 11:59:03.6454120Z","2025-10-27 11:59:03.6454120Z","ETW","Microsoft-Windows-Kernel-Process",4,"ThreadStopStop "," 3944 MsMpEng.exe",9260,,," 3944 MsMpEng.exe",,,,,,,,,,,,18446672673169117184,18446672673169092608,140734493461056,247,775799767040,9260,775817265152,775817199616,140734493461056,950760,,,,,,,,,,,,,,,,,,,,,,,,,,
"2025-10-27 11:59:03.6454356Z","2025-10-27 11:59:03.6454356Z","ETW","Microsoft-Windows-Kernel-Process",4,"ThreadStopStop "," 3944 MsMpEng.exe",5636,,," 3944 MsMpEng.exe",,,,,,,,,,,,18446672673168859136,18446672673168834560,140737174395840,247,775799750656,5636,775816216576,775816151040,140737174395840,1230381100,,,,,,,,,,,,,,,,,,,,,,,,,,
"2025-10-27 11:59:03.6454553Z","2025-10-27 11:59:03.6454553Z","ETW","Microsoft-Windows-Kernel-Process",4,"ThreadStopStop "," 3944 MsMpEng.exe",6608,,," 3944 MsMpEng.exe",,,,,,,,,,,,18446672673168625664,18446672673168601088,140737174395840,0,775799742464,6608,775815692288,775815626752,140737174395840,641884600,,,,,,,,,,,,,,,,,,,,,,,,,,
"2025-10-27 11:59:03.6454619Z","2025-10-27 11:59:03.6454619Z","ETW","Microsoft-Windows-Kernel-Process",4,"ThreadStopStop "," 3944 MsMpEng.exe",13560,,," 3944 MsMpEng.exe",,,,,,,,,,,,18446672673144553472,18446672673144528896,140734403072480,247,775799644160,13560,775809925120,775809859584,140734403072480,7906280,,,,,,,,,,,,,,,,,,,,,,,,,,
"2025-10-27 11:59:03.6454792Z","2025-10-27 11:59:03.6454792Z","ETW","Microsoft-Windows-Kernel-Process",4,"ThreadStopStop "," 3944 MsMpEng.exe",13316,,," 3944 MsMpEng.exe",,,,,,,,,,,,18446672673122172928,18446672673122148352,140734403072480,247,775799635968,13316,775809400832,775809335296,140734403072480,72687540,,,,,,,,,,,,,,,,,,,,,,,,,,
"2025-10-27 11:59:03.6454898Z","2025-10-27 11:59:03.6454898Z","ETW","Microsoft-Windows-Kernel-Process",4,"ThreadStopStop "," 3944 MsMpEng.exe",13796,,," 3944 MsMpEng.exe",,,,,,,,,,,,18446672673168510976,18446672673168486400,140736928990768,247,775799619584,13796,775808876544,775808811008,140736928990768,742900,,,,,,,,,,,,,,,,,,,,,,,,,,
"2025-10-27 11:59:03.6454983Z","2025-10-27 11:59:03.6454983Z","ETW","Microsoft-Windows-Kernel-Process",4,"ThreadStopStop "," 3944 MsMpEng.exe",11040,,," 3944 MsMpEng.exe",,,,,,,,,,,,18446672673168482304,18446672673168457728,140737174395840,0,775799611392,11040,775808352256,775808286720,140737174395840,1481035180,,,,,,,,,,,,,,,,,,,,,,,,,,
"2025-10-27 11:59:03.6455045Z","2025-10-27 11:59:03.6455045Z","ETW","Microsoft-Windows-Kernel-Process",4,"ThreadStopStop "," 3944 MsMpEng.exe",9376,,," 3944 MsMpEng.exe",,,,,,,,,,,,18446672673168453632,18446672673168429056,140737174395840,0,775799603200,9376,775807827968,775807762432,140737174395840,1032206920,,,,,,,,,,,,,,,,,,,,,,,,,,
"2025-10-27 11:59:03.6455298Z","2025-10-27 11:59:03.6455298Z","ETW","Microsoft-Windows-Kernel-Process",4,"ThreadStopStop "," 3944 MsMpEng.exe",11848,,," 3944 MsMpEng.exe",,,,,,,,,,,,18446672673167822848,18446672673167798272,140734493461056,247,775799586816,11848,775806779392,775806713856,140734493461056,1459200,,,,,,,,,,,,,,,,,,,,,,,,,,
"2025-10-27 11:59:03.6455299Z","2025-10-27 11:59:03.6455299Z","ETW","Microsoft-Windows-Kernel-Process",4,"ThreadStopStop "," 3944 MsMpEng.exe",8884,,," 3944 MsMpEng.exe",,,,,,,,,,,,18446672673168396288,18446672673168371712,140737174395840,0,775799595008,8884,775807303680,775807238144,140737174395840,79416960,,,,,,,,,,,,,,,,,,,,,,,,,,
"2025-10-27 11:59:03.6455422Z","2025-10-27 11:59:03.6455422Z","ETW","Microsoft-Windows-Kernel-Process",4,"ThreadStopStop "," 3944 MsMpEng.exe",14536,,," 3944 MsMpEng.exe",,,,,,,,,,,,18446672673167278080,18446672673167253504,140734493461056,247,775799578624,14536,775806255104,775806189568,140734493461056,5301380,,,,,,,,,,,,,,,,,,,,,,,,,,
"2025-10-27 11:59:03.6455539Z","2025-10-27 11:59:03.6455539Z","ETW","Microsoft-Windows-Kernel-Process",4,"ThreadStopStop "," 3944 MsMpEng.exe",13752,,," 3944 MsMpEng.exe",,,,,,,,,,,,18446672673166725120,18446672673166700544,140737174395840,0,775799537664,13752,775805206528,775805140992,140737174395840,686691540,,,,,,,,,,,,,,,,,,,,,,,,,,
"2025-10-27 11:59:03.6455577Z","2025-10-27 11:59:03.6455577Z","ETW","Microsoft-Windows-Kernel-Process",4,"ThreadStopStop "," 3944 MsMpEng.exe",9744,,," 3944 MsMpEng.exe",,,,,,,,,,,,18446672673144324096,18446672673144299520,140737161841328,247,775799554048,9744,775804157952,775804092416,140737161841328,1041200,,,,,,,,,,,,,,,,,,,,,,,,,,
"2025-10-27 11:59:03.6455683Z","2025-10-27 11:59:03.6455683Z","ETW","Microsoft-Windows-Kernel-Process",4,"ThreadStopStop "," 3944 MsMpEng.exe",2308,,," 3944 MsMpEng.exe",,,,,,,,,,,,18446672673166667776,18446672673166643200,140737174395840,0,775799529472,2308,775804682240,775804616704,140737174395840,12837540,,,,,,,,,,,,,,,,,,,,,,,,,,
"2025-10-27 11:59:03.6456037Z","2025-10-27 11:59:03.6456037Z","ETW","Microsoft-Windows-Kernel-Process",4,"ThreadStopStop "," 3944 MsMpEng.exe",13672,,," 3944 MsMpEng.exe",,,,,,,,,,,,18446672673165635584,18446672673165611008,140737174395840,0,775799488512,13672,775802060800,775801995264,140737174395840,122686420,,,,,,,,,,,,,,,,,,,,,,,,,,
"2025-10-27 11:59:03.6456475Z","2025-10-27 11:59:03.6456475Z","ETW","Microsoft-Windows-Kernel-Process",4,"ThreadStopStop "," 3944 MsMpEng.exe",13704,,," 3944 MsMpEng.exe",,,,,,,,,,,,18446672673141796864,18446672673141772288,140698336022960,0,775799480320,13704,775799111680,775799046144,140698336022960,85610960,,,,,,,,,,,,,,,,,,,,,,,,,,
"2025-10-27 11:59:03.6456704Z","2025-10-27 11:59:03.6456704Z","ETW","Microsoft-Windows-Kernel-Process",4,"ThreadStopStop "," 3944 MsMpEng.exe",4244,,," 3944 MsMpEng.exe",,,,,,,,,,,,18446672673174634496,18446672673174609920,140737174395840,0,775799799808,4244,775818313728,775818248192,140737174395840,21611360,,,,,,,,,,,,,,,,,,,,,,,,,,
"2025-10-27 11:59:03.6457233Z","2025-10-27 11:59:03.6457233Z","ETW","Microsoft-Windows-Kernel-Process",4,"ThreadStopStop "," 3944 MsMpEng.exe",5068,,," 3944 MsMpEng.exe",,,,,,,,,,,,18446672673111056384,18446672673111031808,140737174395840,0,775799808000,5068,775818838016,775818772480,140737174395840,137588120,,,,,,,,,,,,,,,,,,,,,,,,,,
"2025-10-27 11:59:03.6457402Z","2025-10-27 11:59:03.6457402Z","ETW","Microsoft-Windows-Kernel-Process",4,"ThreadStopStop "," 3944 MsMpEng.exe",12732,,," 3944 MsMpEng.exe",,,,,,,,,,,,18446672673174290432,18446672673174265856,140737174395840,0,775799824384,12732,775819886592,775819821056,140737174395840,834480,,,,,,,,,,,,,,,,,,,,,,,,,,
"2025-10-27 11:59:03.6457510Z","2025-10-27 11:59:03.6457510Z","ETW","Microsoft-Windows-Kernel-Process",4,"ThreadStopStop "," 3944 MsMpEng.exe",2448,,," 3944 MsMpEng.exe",,,,,,,,,,,,18446672673176498176,18446672673176473600,140737174395840,0,775799832576,2448,775819362304,775819296768,140737174395840,47661880,,,,,,,,,,,,,,,,,,,,,,,,,,
"2025-10-27 11:59:03.6458116Z","2025-10-27 11:59:03.6458116Z","ETW","Microsoft-Windows-Kernel-Process",4,"ThreadStopStop "," 3944 MsMpEng.exe",15228,,," 3944 MsMpEng.exe",,,,,,,,,,,,18446672673176555520,18446672673176530944,140737174395840,0,775799840768,15228,775820410880,775820345344,140737174395840,42731000,,,,,,,,,,,,,,,,,,,,,,,,,,
"2025-10-27 11:59:03.6458234Z","2025-10-27 11:59:03.6458234Z","ETW","Microsoft-Windows-Kernel-Process",4,"ThreadStopStop "," 3944 MsMpEng.exe",11960,,," 3944 MsMpEng.exe",,,,,,,,,,,,18446672673166495744,18446672673166471168,140737174395840,0,775799513088,11960,775803633664,775803568128,140737174395840,1010066600,,,,,,,,,,,,,,,,,,,,,,,,,,
"2025-10-27 11:59:03.6458518Z","2025-10-27 11:59:03.6458518Z","ETW","Microsoft-Windows-Kernel-Process",4,"ThreadStopStop "," 3944 MsMpEng.exe",14512,,," 3944 MsMpEng.exe",,,,,,,,,,,,18446672673179537408,18446672673179512832,140737174395840,0,775799857152,14512,775802585088,775802519552,140737174395840,167642700,,,,,,,,,,,,,,,,,,,,,,,,,,
"2025-10-27 11:59:03.6458692Z","2025-10-27 11:59:03.6458692Z","ETW","Microsoft-Windows-Kernel-Process",4,"ThreadStopStop "," 3944 MsMpEng.exe",4720,,," 3944 MsMpEng.exe",,,,,,,,,,,,18446672673168568320,18446672673168543744,140734682905888,247,775799734272,4720,775815168000,775815102464,140734682905888,484880,,,,,,,,,,,,,,,,,,,,,,,,,,
"2025-10-27 11:59:03.6458779Z","2025-10-27 11:59:03.6458779Z","ETW","Microsoft-Windows-Kernel-Process",4,"ThreadStopStop "," 3944 MsMpEng.exe",13292,,," 3944 MsMpEng.exe",,,,,,,,,,,,18446672673179623424,18446672673179598848,140737174395840,0,775799865344,13292,775803109376,775803043840,140737174395840,35636400,,,,,,,,,,,,,,,,,,,,,,,,,,
"2025-10-27 11:59:03.6458997Z","2025-10-27 11:59:03.6458997Z","ETW","Microsoft-Windows-Kernel-Process",4,"ThreadStopStop "," 3944 MsMpEng.exe",12524,,," 3944 MsMpEng.exe",,,,,,,,,,,,18446672673168539648,18446672673168515072,140734682905888,247,775799726080,12524,775814643712,775814578176,140734682905888,734920,,,,,,,,,,,,,,,,,,,,,,,,,,
"2025-10-27 11:59:03.6471789Z","2025-10-27 11:59:03.6471789Z","ETW","Microsoft-Windows-Kernel-Process",2,"ProcessStopStop "," 3944 MsMpEng.exe",12524,,," 3944 MsMpEng.exe",,,"MsMpEng.exe",,,,,,,,,,,,,,,,,,,134060398531378666,,,,,,,,5652,,,,,,278847488,297447424,57963135080,255,134060399436460249,815,2,1889,65400,1,299,1058
"2025-10-27 11:59:03.7267332Z","2025-10-27 11:59:03.7267332Z","ETW","Microsoft-Windows-Kernel-Process",3,"ThreadStartStart ","11872 smartscreen.exe",4384,,,"11872 smartscreen.exe",,,,,,,,,,,,18446672673104994304,18446672673104969728,140737174395840,0,705750863872,12248,705749581824,705749573632,140737174395840,,,,,,,,,,,,,,,,,,,,,,,,,,,
"2025-10-27 11:59:08.735152300Z","2025-10-27 11:59:08.7351598Z","myETW","Attack-Provider",1337,"Attack-Provider"," 8156 attack-187.exe",,,,,,"Before starting subprocess to inject to",,,,,,,,,,,,,,,,,,,,,,,,,,,,,,,,,,,,,,,,,,,,,
"2025-10-27 11:59:08.7440445Z","2025-10-27 11:59:08.7440445Z","ETW","Microsoft-Windows-Kernel-Process",3,"ThreadStartStart "," 8156 attack-187.exe",13380,,," 8156 attack-187.exe",,,,,,,,,,,,18446672673144954880,18446672673144930304,140737174395840,0,503564603392,9384,503570235392,503570231296,140737174395840,,,,,,,,,,,,,,,,,,,,,,,,,,,
"2025-10-27 11:59:08.7442873Z","2025-10-27 11:59:08.7442873Z","ETW","Microsoft-Windows-Kernel-Process",3,"ThreadStartStart "," 8156 attack-187.exe",9384,,," 8156 attack-187.exe",,,,,,,,,,,,18446672673144582144,18446672673144557568,140737174395840,0,503564611584,14088,503571283968,503571279872,140737174395840,,,,,,,,,,,,,,,,,,,,,,,,,,,
"2025-10-27 11:59:08.7620456Z","2025-10-27 11:59:08.7620456Z","ETW","Microsoft-Windows-Kernel-Process",3,"ThreadStartStart "," 8156 attack-187.exe",13380,,," 8156 attack-187.exe",,,,,,,,,,,,18446672673110970368,18446672673110945792,140737161841328,0,503564619776,9204,503572332544,503572324352,140737161841328,,,,,,,,,,,,,,,,,,,,,,,,,,,
"2025-10-27 11:59:08.7802019Z","2025-10-27 11:59:08.7802019Z","ETW","Microsoft-Windows-Kernel-Process",1,"ProcessStartStart "," 8156 attack-187.exe",13380,,," 7796 Notepad.exe",,,"C:\Program Files\WindowsApps\Microsoft.WindowsNotepad_11.2507.26.0_x64__8wekyb3d8bbwe\Notepad\Notepad.exe",,,,,,,,,,,,,,,,,,,134060399487801458,3,2797727,"0x","Microsoft.WindowsNotepad_11.2507.26.0_x64__8wekyb3d8bbwe","App",8156,5709,5712,2,1,0,1,1754496986,,,,,,,,,,,,
"2025-10-27 11:59:08.7810080Z","2025-10-27 11:59:08.7810080Z","ETW","Microsoft-Windows-Kernel-Process",3,"ThreadStartStart "," 8156 attack-187.exe",13380,,," 7796 Notepad.exe",,,,,,,,,,,,18446672673111027712,18446672673111003136,140695571248912,0,857403387904,6796,857404866560,857404862464,140695571248912,,,,,,,,,,,,,,,,,,,,,,,,,,,
"2025-10-27 11:59:08.790005300Z","2025-10-27 11:59:08.7900085Z","myETW","Attack-Provider",1337,"Attack-Provider"," 8156 attack-187.exe",,,,,,"After starting subprocess with PID 7796",,,,,,,,,,,,,,,,,,,,,,,,,,,,,,,,,,,,,,,,,,,,,
"2025-10-27 11:59:08.7937170Z","2025-10-27 11:59:08.7937170Z","ETW","Microsoft-Windows-Kernel-Process",3,"ThreadStartStart "," 7796 Notepad.exe",6796,,," 7796 Notepad.exe",,,,,,,,,,,,18446672673109811200,18446672673109786624,140737174395840,0,857403396096,12364,857405915136,857405911040,140737174395840,,,,,,,,,,,,,,,,,,,,,,,,,,,
"2025-10-27 11:59:08.7942020Z","2025-10-27 11:59:08.7942020Z","ETW","Microsoft-Windows-Kernel-Process",3,"ThreadStartStart "," 7796 Notepad.exe",6796,,," 7796 Notepad.exe",,,,,,,,,,,,18446672673111113728,18446672673111089152,140737174395840,0,857403404288,14400,857406963712,857406959616,140737174395840,,,,,,,,,,,,,,,,,,,,,,,,,,,
"2025-10-27 11:59:08.7952341Z","2025-10-27 11:59:08.7952341Z","ETW","Microsoft-Windows-Kernel-Process",3,"ThreadStartStart "," 7796 Notepad.exe",14400,,," 7796 Notepad.exe",,,,,,,,,,,,18446672673111171072,18446672673111146496,140737174395840,0,857403412480,4680,857408012288,857408008192,140737174395840,,,,,,,,,,,,,,,,,,,,,,,,,,,
"2025-10-27 11:59:09.774085900Z","2025-10-27 11:59:09.7740932Z","myETW","Attack-Provider",1337,"Attack-Provider"," 8156 attack-187.exe",,,,,,"Before opening process handle",,,,,,,,,,,,,,,,,,,,,,,,,,,,,,,,,,,,,,,,,,,,,
"2025-10-27 11:59:09.775200400Z","2025-10-27 11:59:09.7752038Z","myETW","Attack-Provider",1337,"Attack-Provider"," 8156 attack-187.exe",,,,,,"After opening process handle",,,,,,,,,,,,,,,,,,,,,,,,,,,,,,,,,,,,,,,,,,,,,
"2025-10-27 11:59:10.747910400Z","2025-10-27 11:59:10.7479157Z","myETW","Attack-Provider",1337,"Attack-Provider"," 8156 attack-187.exe",,,,,,"Before allocating memory for shellcode",,,,,,,,,,,,,,,,,,,,,,,,,,,,,,,,,,,,,,,,,,,,,
"2025-10-27 11:59:10.748414100Z","2025-10-27 11:59:10.7484176Z","myETW","Attack-Provider",1337,"Attack-Provider"," 8156 attack-187.exe",,,,,,"After allocating memory for shellcode, at: 0000028D828D0000",,,,,,,,,,,,,,,,,,,,,,,,,,,,,,,,,,,,,,,,,,,,,
"2025-10-27 11:59:11.720458400Z","2025-10-27 11:59:11.7204651Z","myETW","Attack-Provider",1337,"Attack-Provider"," 8156 attack-187.exe",,,,,,"Before writing shellcode to process",,,,,,,,,,,,,,,,,,,,,,,,,,,,,,,,,,,,,,,,,,,,,
"2025-10-27 11:59:11.721062000Z","2025-10-27 11:59:11.7210647Z","myETW","Attack-Provider",1337,"Attack-Provider"," 8156 attack-187.exe",,,,,,"After writing shellcode to process, at: 0000028D828D0000",,,,,,,,,,,,,,,,,,,,,,,,,,,,,,,,,,,,,,,,,,,,,
"2025-10-27 11:59:12.695553900Z","2025-10-27 11:59:12.6955684Z","myETW","Attack-Provider",1337,"Attack-Provider"," 8156 attack-187.exe",,,,,,"Before changing memory protection to PAGE_EXECUTE_READ",,,,,,,,,,,,,,,,,,,,,,,,,,,,,,,,,,,,,,,,,,,,,
"2025-10-27 11:59:12.696113400Z","2025-10-27 11:59:12.6961167Z","myETW","Attack-Provider",1337,"Attack-Provider"," 8156 attack-187.exe",,,,,,"After changing memory protection to PAGE_EXECUTE_READ",,,,,,,,,,,,,,,,,,,,,,,,,,,,,,,,,,,,,,,,,,,,,
"2025-10-27 11:59:13.668482600Z","2025-10-27 11:59:13.6684904Z","myETW","Attack-Provider",1337,"Attack-Provider"," 8156 attack-187.exe",,,,,,"Before reading memory to verify write",,,,,,,,,,,,,,,,,,,,,,,,,,,,,,,,,,,,,,,,,,,,,
"2025-10-27 11:59:13.669388900Z","2025-10-27 11:59:13.6693926Z","myETW","Attack-Provider",1337,"Attack-Provider"," 8156 attack-187.exe",,,,,,"After reading memory to verify write",,,,,,,,,,,,,,,,,,,,,,,,,,,,,,,,,,,,,,,,,,,,,
"2025-10-27 11:59:14.644183300Z","2025-10-27 11:59:14.6441886Z","myETW","Attack-Provider",1337,"Attack-Provider"," 8156 attack-187.exe",,,,,,"Before creating remote thread",,,,,,,,,,,,,,,,,,,,,,,,,,,,,,,,,,,,,,,,,,,,,
"2025-10-27 11:59:14.6449342Z","2025-10-27 11:59:14.6449342Z","ETW","Microsoft-Windows-Kernel-Process",3,"ThreadStartStart "," 8156 attack-187.exe",13380,,," 7796 Notepad.exe",,,,,,,,,,,,18446672673116688384,18446672673116663808,2806803922944,0,857403420672,9192,857409060864,857409056768,2806803922944,,,,,,,,,,,,,,,,,,,,,,,,,,,
"2025-10-27 11:59:14.644958900Z","2025-10-27 11:59:14.6449617Z","myETW","Attack-Provider",1337,"Attack-Provider"," 8156 attack-187.exe",,,,,,"After creating remote thread",,,,,,,,,,,,,,,,,,,,,,,,,,,,,,,,,,,,,,,,,,,,,
"2025-10-27 11:59:14.6684246Z","2025-10-27 11:59:14.6684246Z","ETW","Microsoft-Windows-Kernel-Process",4,"ThreadStopStop "," 7796 Notepad.exe",4680,,," 7796 Notepad.exe",,,,,,,,,,,,18446672673111171072,18446672673111146496,140737174395840,0,857403412480,4680,857408012288,857408000000,140737174395840,45953400,,,,,,,,,,,,,,,,,,,,,,,,,,
"2025-10-27 11:59:14.6684603Z","2025-10-27 11:59:14.6684603Z","ETW","Microsoft-Windows-Kernel-Process",4,"ThreadStopStop "," 7796 Notepad.exe",14400,,," 7796 Notepad.exe",,,,,,,,,,,,18446672673111113728,18446672673111089152,140737174395840,0,857403404288,14400,857406963712,857406951424,140737174395840,45055460,,,,,,,,,,,,,,,,,,,,,,,,,,
"2025-10-27 11:59:14.6684850Z","2025-10-27 11:59:14.6684850Z","ETW","Microsoft-Windows-Kernel-Process",4,"ThreadStopStop "," 7796 Notepad.exe",12364,,," 7796 Notepad.exe",,,,,,,,,,,,18446672673109811200,18446672673109786624,140737174395840,0,857403396096,12364,857405915136,857405898752,140737174395840,49300820,,,,,,,,,,,,,,,,,,,,,,,,,,
"2025-10-27 11:59:14.6685224Z","2025-10-27 11:59:14.6685224Z","ETW","Microsoft-Windows-Kernel-Process",4,"ThreadStopStop "," 7796 Notepad.exe",6796,,," 7796 Notepad.exe",,,,,,,,,,,,18446672673111027712,18446672673111003136,140695571248912,0,857403387904,6796,857404866560,857404841984,140695571248912,176090100,,,,,,,,,,,,,,,,,,,,,,,,,,
"2025-10-27 11:59:15.621002800Z","2025-10-27 11:59:15.6210078Z","myETW","Attack-Provider",1337,"Attack-Provider"," 8156 attack-187.exe",,,,,,"Attack done",,,,,,,,,,,,,,,,,,,,,,,,,,,,,,,,,,,,,,,,,,,,,
"2025-10-27 11:59:15.6243306Z","2025-10-27 11:59:15.6243306Z","ETW","Microsoft-Windows-Kernel-Process",4,"ThreadStopStop "," 8156 attack-187.exe",9204,,," 8156 attack-187.exe",,,,,,,,,,,,18446672673110970368,18446672673110945792,140737161841328,0,503564619776,9204,503572332544,503572324352,140737161841328,445740,,,,,,,,,,,,,,,,,,,,,,,,,,
"2025-10-27 11:59:15.6243754Z","2025-10-27 11:59:15.6243754Z","ETW","Microsoft-Windows-Kernel-Process",4,"ThreadStopStop "," 8156 attack-187.exe",14088,,," 8156 attack-187.exe",,,,,,,,,,,,18446672673144582144,18446672673144557568,140737174395840,0,503564611584,14088,503571283968,503571275776,140737174395840,1466800,,,,,,,,,,,,,,,,,,,,,,,,,,
"2025-10-27 11:59:15.6244041Z","2025-10-27 11:59:15.6244041Z","ETW","Microsoft-Windows-Kernel-Process",4,"ThreadStopStop "," 8156 attack-187.exe",9384,,," 8156 attack-187.exe",,,,,,,,,,,,18446672673144954880,18446672673144930304,140737174395840,0,503564603392,9384,503570235392,503570227200,140737174395840,1137720,,,,,,,,,,,,,,,,,,,,,,,,,,
"2025-10-27 11:59:15.6244392Z","2025-10-27 11:59:15.6244392Z","ETW","Microsoft-Windows-Kernel-Process",4,"ThreadStopStop "," 8156 attack-187.exe",1892,,," 8156 attack-187.exe",,,,,,,,,,,,18446672673109037056,18446672673109012480,140737174395840,0,503564595200,1892,503569186816,503569174528,140737174395840,5301000,,,,,,,,,,,,,,,,,,,,,,,,,,
"2025-10-27 11:59:15.6244589Z","2025-10-27 11:59:15.6244589Z","ETW","Microsoft-Windows-Kernel-Process",4,"ThreadStopStop "," 8156 attack-187.exe",13380,,," 8156 attack-187.exe",,,,,,,,,,,,18446672673107877888,18446672673107853312,140697554339584,0,503564570624,13380,503563616256,503563587584,140697554339584,185973140,,,,,,,,,,,,,,,,,,,,,,,,,,
"2025-10-27 11:59:15.6244871Z","2025-10-27 11:59:15.6244871Z","ETW","Microsoft-Windows-Kernel-Process",4,"ThreadStopStop "," 8156 attack-187.exe",13800,,," 8156 attack-187.exe",,,,,,,,,,,,18446672673108779008,18446672673108754432,140737174395840,0,503564587008,13800,503568138240,503568125952,140737174395840,9050840,,,,,,,,,,,,,,,,,,,,,,,,,,
"2025-10-27 11:59:15.6245086Z","2025-10-27 11:59:15.6245086Z","ETW","Microsoft-Windows-Kernel-Process",4,"ThreadStopStop "," 8156 attack-187.exe",6444,,," 8156 attack-187.exe",,,,,,,,,,,,18446672673108586496,18446672673108561920,140737174395840,0,503564578816,6444,503567089664,503567077376,140737174395840,8814860,,,,,,,,,,,,,,,,,,,,,,,,,,
"2025-10-27 11:59:15.6251693Z","2025-10-27 11:59:15.6251693Z","ETW","Microsoft-Windows-Kernel-Process",2,"ProcessStopStop "," 8156 attack-187.exe",6444,,," 8156 attack-187.exe",,,"attack-187.exe",,,,,,,,,,,,,,,,,,,134060399425672088,,,,,,,,5709,,,,,,1785856,1785856,214592840,0,134060399556245910,103,11,0,0,2,63,0
"2025-10-27 11:59:15.6366035Z","2025-10-27 11:59:15.6366035Z","ETW","Microsoft-Windows-Kernel-Process",4,"ThreadStopStop "," 2964 MpDefenderCoreService.exe",7216,,," 2964 MpDefenderCoreService.exe",,,,,,,,,,,,18446672673159835648,18446672673159811072,140737174395840,0,399874002944,7216,399875506176,399875440640,140737174395840,1474400,,,,,,,,,,,,,,,,,,,,,,,,,,
"2025-10-27 11:59:17.8686914Z","2025-10-27 11:59:17.8686914Z","ETW","Microsoft-Windows-Kernel-Process",4,"ThreadStopStop "," 7796 Notepad.exe",9192,,," 7796 Notepad.exe",,,,,,,,,,,,18446672673116688384,18446672673116663808,2806803922944,0,857403420672,9192,857409060864,857409044480,2806803922944,19882360,,,,,,,,,,,,,,,,,,,,,,,,,,
"2025-10-27 11:59:17.8701097Z","2025-10-27 11:59:17.8701097Z","ETW","Microsoft-Windows-Kernel-Process",2,"ProcessStopStop "," 7796 Notepad.exe",9192,,," 7796 Notepad.exe",,,"Notepad.exe",,,,,,,,,,,,,,,,,,,134060399487801458,,,,,,,,5712,,,,,,3182592,3227648,338312860,3221225477,134060399578691373,191,0,0,0,2,0,0
