timestamp_sys,timestamp_etw,src_type,provider_name,event_id,task_info,process_id,thread_id,ppid,pid,targetpid,targettid,message,filepath,cachename,result,vname,name,sigseq,sigsha,commandline,firstparam,secondparam,timestamp_ns,createattributes,createoptions,fileobject,irp,issuingthreadid,shareaccess,filekey,createtime,flags,imagechecksum,mandatorylabel,packagefullname,packagerelativeappid,parentprocessid,parentprocesssequencenumber,processsequencenumber,processtokenelevationtype,processtokeniselevated,securitymitigations,sessionid,timedatestamp,classification,eventtype,fileid,fileusn,info,scansource,desiredaccess,returncode,creationtime,engineid,flags2high,flags2low,oldflags,oldflags2high,oldflags2low,source,integritylevel,imagepath,processcontextid,stackbase,stacklimit,startaddr,subprocesstag,tebbase,threadid,userstackbase,userstacklimit,win32startaddr,accessmask,washardened,featureid,data,startstop,threadtime,deltacpu,deltawall,startqpc,connid,daddr,dport,mss,rcvwin,rcvwinscale,sackopt,saddr,seqnum,size,sndwinscale,sport,tsopt,wsopt,commitcharge,commitpeak,cpucyclecount,exitcode,exittime,handlecount,hardfaultcount,readoperationcount,readtransferkilobytes,tokenelevationtype,writeoperationcount,writetransferkilobytes,cycletime
"2025-11-09 20:58:21.824148900Z","2025-11-09 20:58:21.8241524Z","myETW","EDRi-Provider",4242,"EDRi-Event"," 7784 EDRi.exe",,,,,,"++ EDRi START MARKER ++",,,,,,,,,,,1762721901824152400,,,,,,,,,,,,,,,,,,,,,,,,,,,,,,,,,,,,,,,,,,,,,,,,,,,,,,,,,,,,,,,,,,,,,,,,,,,,,,,,,,,,,
"2025-11-09 20:58:24.7544763Z","2025-11-09 20:58:24.7544763Z","ETW","Microsoft-Windows-Kernel-File",30,"CreateNewFile Info ","    4 System",4300,,,,,,"C:\Windows\System32\LogFiles\WMI\RtBackup\EtwRTEDRi-Misc.etl",,,,,,,,,,1762721904754476300,128,83886112,18446714964445958864,18446714964379604104,4300,5,,,,,,,,,,,,,,,,,,,,,,,,,,,,,,,,,,,,,,,,,,,,,,,,,,,,,,,,,,,,,,,,,,,,,,,,,,,,,,,
"2025-11-09 20:58:24.7544858Z","2025-11-09 20:58:24.7544858Z","ETW","Microsoft-Windows-Kernel-File",10,"NameCreate Info ","    4 System",4300,,,,,,"C:\Windows\System32\LogFiles\WMI\RtBackup\EtwRTEDRi-Misc.etl",,,,,,,,,,1762721904754485800,,,,,,,18446691344111770128,,,,,,,,,,,,,,,,,,,,,,,,,,,,,,,,,,,,,,,,,,,,,,,,,,,,,,,,,,,,,,,,,,,,,,,,,,,,,,
"2025-11-09 20:58:32.861461700Z","2025-11-09 20:58:32.8614649Z","myETW","EDRi-Provider",4242,"EDRi-Event"," 7784 EDRi.exe",,,,,,"Before decrypting the attack exe from C:\Users\admin3\Desktop\EDR-Introspection\x64\Release\attacks\Injector-deconditioning_alloc.exe.enc",,,,,,,,,,,1762721912861464900,,,,,,,,,,,,,,,,,,,,,,,,,,,,,,,,,,,,,,,,,,,,,,,,,,,,,,,,,,,,,,,,,,,,,,,,,,,,,,,,,,,,,
"2025-11-09 20:58:32.863843100Z","2025-11-09 20:58:32.8638451Z","myETW","EDRi-Provider",4242,"EDRi-Event"," 7784 EDRi.exe",,,,,,"After decrypting the attack exe",,,,,,,,,,,1762721912863845100,,,,,,,,,,,,,,,,,,,,,,,,,,,,,,,,,,,,,,,,,,,,,,,,,,,,,,,,,,,,,,,,,,,,,,,,,,,,,,,,,,,,,
"2025-11-09 20:58:32.8859785Z","2025-11-09 20:58:32.8859785Z","ETW","Microsoft-Antimalware-Engine",3,"Message  Info "," 3728 MsMpEng.exe",5512,,,,,"subtype=Lowfi, sigseq=0x00000555D4FB9C24, sigsha=68b7f163c37677d744a8a0d9772ac4a9d45a20b1, signame=#Lowfi:Lua:WrittenToDownloadFolderByOtherParentProcess, cached=true, source=5, resourceid=0x91a0937b, resource='C:\Users\Public\Downloads\attack-372.exe'",,,,,,,,,,,1762721912885978500,,,,,,,,,,,,,,,,,,,,,,,,,,,,,,,,,,,,,,,,,,,,,,,,,,,,,,,,,,,,,,,,,,,,,,,,,,,,,,,,,,,,,
"2025-11-09 20:58:33.867695300Z","2025-11-09 20:58:33.8677022Z","myETW","EDRi-Provider",4242,"EDRi-Event"," 7784 EDRi.exe",,,,,,"Before starting the attack exe",,,,,,,,,,,1762721913867702200,,,,,,,,,,,,,,,,,,,,,,,,,,,,,,,,,,,,,,,,,,,,,,,,,,,,,,,,,,,,,,,,,,,,,,,,,,,,,,,,,,,,,
"2025-11-09 20:58:34.9669942Z","2025-11-09 20:58:34.9669942Z","ETW","Microsoft-Windows-Kernel-Process",1,"ProcessStart Start "," 7784 EDRi.exe",3792,,," 8620 attack-372.exe",,,"C:\Users\Public\Downloads\attack-372.exe",,,,,,,,,,1762721914966994200,,,,,,,,134071955149669025,0,0,"0x","","",7784,582,595,1,1,0,0,1762697823,,,,,,,,,,,,,,,,,,,,,,,,,,,,,,,,,,,,,,,,,,,,,,,,,,,,,,,,,,,,,,,,
"2025-11-09 20:58:34.9736811Z","2025-11-09 20:58:34.9736811Z","ETW","Microsoft-Antimalware-Engine",36,"Cache  MOACLookup"," 3728 MsMpEng.exe",5512,,,,,,"C:\Users\Public\Downloads\attack-372.exe",,"0x8002",,,,,,,,1762721914973681100,,,,,,,,,,,,,,,,,,,,,,1,56,171851,2933250136,"",0,,,,,,,,,,,,,,,,,,,,,,,,,,,,,,,,,,,,,,,,,,,,,,,,,,,,,,,,,,
"2025-11-09 20:58:34.9738451Z","2025-11-09 20:58:34.9738451Z","ETW","Microsoft-Antimalware-Engine",36,"Cache  MOACLookup"," 3728 MsMpEng.exe",5512,,,,,,"C:\Users\Public\Downloads\attack-372.exe",,"0x8002",,,,,,,,1762721914973845100,,,,,,,,,,,,,,,,,,,,,,2,56,171851,2933250136,"",0,,,,,,,,,,,,,,,,,,,,,,,,,,,,,,,,,,,,,,,,,,,,,,,,,,,,,,,,,,
"2025-11-09 20:58:34.9739593Z","2025-11-09 20:58:34.9739593Z","ETW","Microsoft-Antimalware-Engine",36,"Cache  MOACLookup"," 3728 MsMpEng.exe",5512,,,,,,"C:\Users\Public\Downloads\attack-372.exe",,"0x8002",,,,,,,,1762721914973959300,,,,,,,,,,,,,,,,,,,,,,128,56,171851,2933250136,"",0,,,,,,,,,,,,,,,,,,,,,,,,,,,,,,,,,,,,,,,,,,,,,,,,,,,,,,,,,,
"2025-11-09 20:58:34.9740631Z","2025-11-09 20:58:34.9740631Z","ETW","Microsoft-Antimalware-Engine",38,"Cache  CacheLookup"," 3728 MsMpEng.exe",5512,,,,,,"C:\Users\Public\Downloads\attack-372.exe","USN Cache","MISS",,,,,,,,1762721914974063100,,,,,,,,,,,,,,,,,,,,,,,,,,,,,,,,,,,,,,,,,,,,,,,,,,,,,,,,,,,,,,,,,,,,,,,,,,,,,,,,,,,,,
"2025-11-09 20:58:34.9744049Z","2025-11-09 20:58:34.9744049Z","ETW","Microsoft-Windows-Kernel-Audit-API-Calls",5,"PsOpenProcess"," 3728 MsMpEng.exe",5512,,," 8620 attack-372.exe",,,,,,,,,,,,,1762721914974404900,,,,,,,,,,,,,,,,,,,,,,,,,,,,1536,0,,,,,,,,,,,,,,,,,,,,,,,,,,,,,,,,,,,,,,,,,,,,,,,,,,,,,,,,
"2025-11-09 20:58:34.9744143Z","2025-11-09 20:58:34.9744143Z","ETW","Microsoft-Antimalware-Engine",73,"Behavior Monitoring  ProcessMonitorFlags"," 3728 MsMpEng.exe",5512,," 8620 attack-372.exe",,,,"C:\Users\Public\Downloads\attack-372.exe",,,,,,,,,,1762721914974414300,,,,,,,,,"0x400003FF",,,,,,,,,,,,,,,,,,,,,134071955149669025,140734750392320,"0x0","0x44","0x0","0x0","0x0","SyncStart",,,,,,,,,,,,,,,,,,,,,,,,,,,,,,,,,,,,,,,,,,,,,,,,
"2025-11-09 20:58:34.9748454Z","2025-11-09 20:58:34.9748454Z","ETW","Microsoft-Antimalware-Engine",70,"Behavior Monitoring  BmProcessCreate"," 3728 MsMpEng.exe",11096," 7784 EDRi.exe"," 8620 attack-372.exe",,,,"C:\Users\Public\Downloads\attack-372.exe",,,,,,,"'C:\Users\Public\Downloads\attack-372.exe' ",,,1762721914974845400,,,,,,,,,33554432,,,,,,,,,,,,,,,,,,,,,,,,,,,,,12288,,,,,,,,,,,,,,,,,,,,,,,,,,,,,,,,,,,,,,,,,,,,,,,
"2025-11-09 20:58:34.9749018Z","2025-11-09 20:58:34.9749018Z","ETW","Microsoft-Windows-Kernel-Audit-API-Calls",5,"PsOpenProcess"," 3728 MsMpEng.exe",11096,,," 8620 attack-372.exe",,,,,,,,,,,,,1762721914974901800,,,,,,,,,,,,,,,,,,,,,,,,,,,,4096,0,,,,,,,,,,,,,,,,,,,,,,,,,,,,,,,,,,,,,,,,,,,,,,,,,,,,,,,,
"2025-11-09 20:58:34.9750676Z","2025-11-09 20:58:34.9750676Z","ETW","Microsoft-Antimalware-Engine",109,"Behavior Monitoring  BmProcessContextStart"," 3728 MsMpEng.exe",11096,," 8620 attack-372.exe",,,,,,,,,,,,,,1762721914975067600,,,,,,,,,,,,,,,,,,,,,,,,,,,,,,,,,,,,,,,"C:\Users\Public\Downloads\attack-372.exe",2251756443616,,,,,,,,,,,,,,,,,,,,,,,,,,,,,,,,,,,,,,,,,,,,,
"2025-11-09 20:58:34.9766068Z","2025-11-09 20:58:34.9766068Z","ETW","Microsoft-Windows-Kernel-Process",3,"ThreadStart Start "," 7784 EDRi.exe",3792,,," 8620 attack-372.exe",,,,,,,,,,,,,1762721914976606800,,,,,,,,,,,,,,,,,,,,,,,,,,,,,,,,,,,,,,,,,18446651185680515072,18446651185680486400,140700690829264,0,365261631488,11148,365264109568,365264105472,140700690829264,,,,,,,,,,,,,,,,,,,,,,,,,,,,,,,,,,,,
"2025-11-09 20:58:34.9767374Z","2025-11-09 20:58:34.9767374Z","ETW","Microsoft-Antimalware-Engine",53,"Behavior Monitoring  BmOpenProcess"," 3728 MsMpEng.exe",8980,," 7784 EDRi.exe"," 8620 attack-372.exe",,,,,,,,,,,,,1762721914976737400,,,,,,,,,,,,,,,,,,,,,,,,,,,,,,,,,,,,,,,,,,,,,,,,,,2097151,false,,,,,,,,,,,,,,,,,,,,,,,,,,,,,,,,,,
"2025-11-09 20:58:34.9769572Z","2025-11-09 20:58:34.9769572Z","ETW","Microsoft-Antimalware-Engine",104,"Behavior Monitoring  BmInternal"," 3728 MsMpEng.exe",11096,," 8620 attack-372.exe",,,,,,,,,,,,"Parent","n/a",1762721914976957200,,,,,,,,,,,,,,,,,,,,,,,,,,,,,,,,,,,,,,,,,,,,,,,,,,,,35,,,,,,,,,,,,,,,,,,,,,,,,,,,,,,,,,
"2025-11-09 20:58:34.9777190Z","2025-11-09 20:58:34.9777190Z","ETW","Microsoft-Antimalware-Engine",104,"Behavior Monitoring  BmInternal"," 3728 MsMpEng.exe",3932,," 8620 attack-372.exe",,,,,,,,,,,,"Parent","n/a",1762721914977719000,,,,,,,,,,,,,,,,,,,,,,,,,,,,,,,,,,,,,,,,,,,,,,,,,,,,35,,,,,,,,,,,,,,,,,,,,,,,,,,,,,,,,,
"2025-11-09 20:58:34.9794673Z","2025-11-09 20:58:34.9794673Z","ETW","Microsoft-Windows-Kernel-Audit-API-Calls",5,"PsOpenProcess","  708 csrss.exe",1392,,," 8620 attack-372.exe",,,,,,,,,,,,,1762721914979467300,,,,,,,,,,,,,,,,,,,,,,,,,,,,2097151,0,,,,,,,,,,,,,,,,,,,,,,,,,,,,,,,,,,,,,,,,,,,,,,,,,,,,,,,,
"2025-11-09 20:58:34.9794803Z","2025-11-09 20:58:34.9794803Z","ETW","Microsoft-Windows-Kernel-Audit-API-Calls",6,"PsOpenThread","  708 csrss.exe",1392,,," 8620 attack-372.exe",11148,,,,,,,,,,,,1762721914979480300,,,,,,,,,,,,,,,,,,,,,,,,,,,,2097151,0,,,,,,,,,,,,,,,,,,,,,,,,,,,,,,,,,,,,,,,,,,,,,,,,,,,,,,,,
"2025-11-09 20:58:34.9860903Z","2025-11-09 20:58:34.9860903Z","ETW","Microsoft-Antimalware-Engine",53,"Behavior Monitoring  BmOpenProcess"," 3728 MsMpEng.exe",11096,," 7148 svchost.exe"," 8620 attack-372.exe",,,,,,,,,,,,,1762721914986090300,,,,,,,,,,,,,,,,,,,,,,,,,,,,,,,,,,,,,,,,,,,,,,,,,,2097151,false,,,,,,,,,,,,,,,,,,,,,,,,,,,,,,,,,,
"2025-11-09 20:58:34.9861412Z","2025-11-09 20:58:34.9861412Z","ETW","Microsoft-Windows-Kernel-Audit-API-Calls",5,"PsOpenProcess"," 7148 svchost.exe",1800,,," 8620 attack-372.exe",,,,,,,,,,,,,1762721914986141200,,,,,,,,,,,,,,,,,,,,,,,,,,,,4096,0,,,,,,,,,,,,,,,,,,,,,,,,,,,,,,,,,,,,,,,,,,,,,,,,,,,,,,,,
"2025-11-09 20:58:34.9994538Z","2025-11-09 20:58:34.9994538Z","ETW","Microsoft-Windows-Kernel-Audit-API-Calls",5,"PsOpenProcess"," 7148 svchost.exe",8424,,," 8620 attack-372.exe",,,,,,,,,,,,,1762721914999453800,,,,,,,,,,,,,,,,,,,,,,,,,,,,2097151,0,,,,,,,,,,,,,,,,,,,,,,,,,,,,,,,,,,,,,,,,,,,,,,,,,,,,,,,,
"2025-11-09 20:58:34.9995422Z","2025-11-09 20:58:34.9995422Z","ETW","Microsoft-Antimalware-Engine",53,"Behavior Monitoring  BmOpenProcess"," 3728 MsMpEng.exe",11096,," 7148 svchost.exe"," 8620 attack-372.exe",,,,,,,,,,,,,1762721914999542200,,,,,,,,,,,,,,,,,,,,,,,,,,,,,,,,,,,,,,,,,,,,,,,,,,2097151,false,,,,,,,,,,,,,,,,,,,,,,,,,,,,,,,,,,
"2025-11-09 20:58:34.9998050Z","2025-11-09 20:58:34.9998050Z","ETW","Microsoft-Antimalware-Engine",43,"ExpensiveOperationTask ExpensiveOperationBegin"," 3728 MsMpEng.exe",3932,,,,,"BM InitializeFriendlyStatus::IsKnownFriendly()",,,,,"C:\Users\Public\Downloads\attack-372.exe",,,,,,1762721914999805000,,,,,,,,,,,,,,,,,,,,,,,,,,,,,,,,,,,,,,,,,,,,,,,,,,,,,8620,true,24375000,,,,,,,,,,,,,,,,,,,,,,,,,,,,,,
"2025-11-09 20:58:34.9998131Z","2025-11-09 20:58:34.9998131Z","ETW","Microsoft-Antimalware-Engine",67,"ExpensiveOperationTask ExpensiveOperationEnd"," 3728 MsMpEng.exe",3932,,,,,"BM InitializeFriendlyStatus::IsKnownFriendly()",,,,,"C:\Users\Public\Downloads\attack-372.exe",,,,,,1762721914999813100,,,,,,,,,,,,,,,,,,,,,,,,,,,,,,,,,,,,,,,,,,,,,,,,,,,,,8620,false,24375000,0,0,,,,,,,,,,,,,,,,,,,,,,,,,,,,
"2025-11-09 20:58:34.9998900Z","2025-11-09 20:58:34.9998900Z","ETW","Microsoft-Windows-Kernel-Audit-API-Calls",5,"PsOpenProcess"," 3728 MsMpEng.exe",3932,,," 8620 attack-372.exe",,,,,,,,,,,,,1762721914999890000,,,,,,,,,,,,,,,,,,,,,,,,,,,,4096,0,,,,,,,,,,,,,,,,,,,,,,,,,,,,,,,,,,,,,,,,,,,,,,,,,,,,,,,,
"2025-11-09 20:58:34.9999166Z","2025-11-09 20:58:34.9999166Z","ETW","Microsoft-Windows-Kernel-Audit-API-Calls",5,"PsOpenProcess"," 3728 MsMpEng.exe",3932,,," 8620 attack-372.exe",,,,,,,,,,,,,1762721914999916600,,,,,,,,,,,,,,,,,,,,,,,,,,,,4096,0,,,,,,,,,,,,,,,,,,,,,,,,,,,,,,,,,,,,,,,,,,,,,,,,,,,,,,,,
"2025-11-09 20:58:35.0007220Z","2025-11-09 20:58:35.0007220Z","ETW","Microsoft-Antimalware-Engine",104,"Behavior Monitoring  BmInternal"," 3728 MsMpEng.exe",3932,," 8620 attack-372.exe",,,,,,,,,,,,"SigTrigger","n/a",1762721915000722000,,,,,,,,,,,,,,,,,,,,,,,,,,,,,,,,,,,,,,,,,,,,,,,,,,,,16,,,,,,,,,,,,,,,,,,,,,,,,,,,,,,,,,
"2025-11-09 20:58:35.0021376Z","2025-11-09 20:58:35.0021376Z","ETW","Microsoft-Windows-Kernel-Process",1,"ProcessStart Start "," 8620 attack-372.exe",11148,,," 9856 conhost.exe",,,"C:\Windows\System32\conhost.exe",,,,,,,,,,1762721915002137600,,,,,,,,134071955150020382,0,1060524,"0x","","",8620,595,596,1,1,0,0,592336830,,,,,,,,,,,,,,,,,,,,,,,,,,,,,,,,,,,,,,,,,,,,,,,,,,,,,,,,,,,,,,,,
"2025-11-09 20:58:35.0035731Z","2025-11-09 20:58:35.0035731Z","ETW","Microsoft-Windows-Kernel-Audit-API-Calls",5,"PsOpenProcess"," 3728 MsMpEng.exe",3932,,," 8620 attack-372.exe",,,,,,,,,,,,,1762721915003573100,,,,,,,,,,,,,,,,,,,,,,,,,,,,5136,0,,,,,,,,,,,,,,,,,,,,,,,,,,,,,,,,,,,,,,,,,,,,,,,,,,,,,,,,
"2025-11-09 20:58:35.0038814Z","2025-11-09 20:58:35.0038814Z","ETW","Microsoft-Windows-Kernel-Process",3,"ThreadStart Start "," 8620 attack-372.exe",11148,,," 9856 conhost.exe",,,,,,,,,,,,,1762721915003881400,,,,,,,,,,,,,,,,,,,,,,,,,,,,,,,,,,,,,,,,,18446651185689460736,18446651185689432064,140695543597344,0,855461535744,7292,855459692544,855459684352,140695543597344,,,,,,,,,,,,,,,,,,,,,,,,,,,,,,,,,,,,
"2025-11-09 20:58:35.0056995Z","2025-11-09 20:58:35.0056995Z","ETW","Microsoft-Windows-Kernel-Audit-API-Calls",5,"PsOpenProcess"," 3728 MsMpEng.exe",3932,,," 8620 attack-372.exe",,,,,,,,,,,,,1762721915005699500,,,,,,,,,,,,,,,,,,,,,,,,,,,,5136,0,,,,,,,,,,,,,,,,,,,,,,,,,,,,,,,,,,,,,,,,,,,,,,,,,,,,,,,,
"2025-11-09 20:58:35.0135159Z","2025-11-09 20:58:35.0135159Z","ETW","Microsoft-Windows-Kernel-Audit-API-Calls",5,"PsOpenProcess"," 9856 conhost.exe",3760,,," 8620 attack-372.exe",,,,,,,,,,,,,1762721915013515900,,,,,,,,,,,,,,,,,,,,,,,,,,,,33554432,0,,,,,,,,,,,,,,,,,,,,,,,,,,,,,,,,,,,,,,,,,,,,,,,,,,,,,,,,
"2025-11-09 20:58:35.0292237Z","2025-11-09 20:58:35.0292237Z","ETW","Microsoft-Windows-Kernel-Audit-API-Calls",5,"PsOpenProcess"," 8620 attack-372.exe",11148,,," 8620 attack-372.exe",,,,,,,,,,,,,1762721915029223700,,,,,,,,,,,,,,,,,,,,,,,,,,,,4096,0,,,,,,,,,,,,,,,,,,,,,,,,,,,,,,,,,,,,,,,,,,,,,,,,,,,,,,,,
"2025-11-09 20:58:35.0307409Z","2025-11-09 20:58:35.0307409Z","ETW","Microsoft-Windows-Kernel-Process",3,"ThreadStart Start "," 8620 attack-372.exe",11148,,," 8620 attack-372.exe",,,,,,,,,,,,,1762721915030740900,,,,,,,,,,,,,,,,,,,,,,,,,,,,,,,,,,,,,,,,,18446651185697161216,18446651185697132544,140735219981248,0,365261639680,9356,365265158144,365265154048,140735219981248,,,,,,,,,,,,,,,,,,,,,,,,,,,,,,,,,,,,
"2025-11-09 20:58:35.0310844Z","2025-11-09 20:58:35.0310844Z","ETW","Microsoft-Windows-Kernel-Process",3,"ThreadStart Start "," 8620 attack-372.exe",11148,,," 8620 attack-372.exe",,,,,,,,,,,,,1762721915031084400,,,,,,,,,,,,,,,,,,,,,,,,,,,,,,,,,,,,,,,,,18446651185697128448,18446651185697099776,140735219981248,0,365261647872,11012,365266206720,365266202624,140735219981248,,,,,,,,,,,,,,,,,,,,,,,,,,,,,,,,,,,,
"2025-11-09 20:58:35.0318893Z","2025-11-09 20:58:35.0318893Z","ETW","Microsoft-Windows-Kernel-Process",3,"ThreadStart Start "," 8620 attack-372.exe",11012,,," 8620 attack-372.exe",,,,,,,,,,,,,1762721915031889300,,,,,,,,,,,,,,,,,,,,,,,,,,,,,,,,,,,,,,,,,18446651185694441472,18446651185694412800,140735219981248,0,365261656064,7964,365267255296,365267251200,140735219981248,,,,,,,,,,,,,,,,,,,,,,,,,,,,,,,,,,,,
"2025-11-09 20:58:35.036631400Z","2025-11-09 20:58:35.0366331Z","myETW","Attack-Provider",1337,"Attack-Provider"," 8620 attack-372.exe",,,,,,"Injector started with PID 8620",,,,,,,,,,,1762721915036633100,,,,,,,,,,,,,,,,,,,,,,,,,,,,,,,,,,,,,,,,,,,,,,,,,,,,,,,,,,,,,,,,,,,,,,,,,,,,,,,,,,,,,
"2025-11-09 20:58:35.4839692Z","2025-11-09 20:58:35.4839692Z","ETW","Microsoft-Windows-Kernel-Audit-API-Calls",5,"PsOpenProcess"," 3728 MsMpEng.exe",3932,,," 8620 attack-372.exe",,,,,,,,,,,,,1762721915483969200,,,,,,,,,,,,,,,,,,,,,,,,,,,,1052672,0,,,,,,,,,,,,,,,,,,,,,,,,,,,,,,,,,,,,,,,,,,,,,,,,,,,,,,,,
"2025-11-09 20:58:35.4841794Z","2025-11-09 20:58:35.4841794Z","ETW","Microsoft-Antimalware-Engine",36,"Cache  MOACLookup"," 3728 MsMpEng.exe",3932,,,,,,"C:\Users\Public\Downloads\attack-372.exe",,"0x8002",,,,,,,,1762721915484179400,,,,,,,,,,,,,,,,,,,,,,1,56,171851,2933252976,"",0,,,,,,,,,,,,,,,,,,,,,,,,,,,,,,,,,,,,,,,,,,,,,,,,,,,,,,,,,,
"2025-11-09 20:58:35.4842588Z","2025-11-09 20:58:35.4842588Z","ETW","Microsoft-Antimalware-Engine",36,"Cache  MOACLookup"," 3728 MsMpEng.exe",3932,,,,,,"C:\Users\Public\Downloads\attack-372.exe",,"0x8002",,,,,,,,1762721915484258800,,,,,,,,,,,,,,,,,,,,,,2,56,171851,2933252976,"",0,,,,,,,,,,,,,,,,,,,,,,,,,,,,,,,,,,,,,,,,,,,,,,,,,,,,,,,,,,
"2025-11-09 20:58:35.4843131Z","2025-11-09 20:58:35.4843131Z","ETW","Microsoft-Antimalware-Engine",36,"Cache  MOACLookup"," 3728 MsMpEng.exe",3932,,,,,,"C:\Users\Public\Downloads\attack-372.exe",,"0x8002",,,,,,,,1762721915484313100,,,,,,,,,,,,,,,,,,,,,,128,56,171851,2933252976,"",0,,,,,,,,,,,,,,,,,,,,,,,,,,,,,,,,,,,,,,,,,,,,,,,,,,,,,,,,,,
"2025-11-09 20:58:35.4843619Z","2025-11-09 20:58:35.4843619Z","ETW","Microsoft-Antimalware-Engine",38,"Cache  CacheLookup"," 3728 MsMpEng.exe",3932,,,,,,"C:\Users\Public\Downloads\attack-372.exe","USN Cache","MISS",,,,,,,,1762721915484361900,,,,,,,,,,,,,,,,,,,,,,,,,,,,,,,,,,,,,,,,,,,,,,,,,,,,,,,,,,,,,,,,,,,,,,,,,,,,,,,,,,,,,
"2025-11-09 20:58:35.4852843Z","2025-11-09 20:58:35.4852843Z","ETW","Microsoft-Antimalware-Engine",36,"Cache  MOACLookup"," 3728 MsMpEng.exe",4696,,,,,,"C:\Users\Public\Downloads\attack-372.exe",,"0x8002",,,,,,,,1762721915485284300,,,,,,,,,,,,,,,,,,,,,,1,56,171851,2933252976,"",0,,,,,,,,,,,,,,,,,,,,,,,,,,,,,,,,,,,,,,,,,,,,,,,,,,,,,,,,,,
"2025-11-09 20:58:35.4853704Z","2025-11-09 20:58:35.4853704Z","ETW","Microsoft-Antimalware-Engine",36,"Cache  MOACLookup"," 3728 MsMpEng.exe",4696,,,,,,"C:\Users\Public\Downloads\attack-372.exe",,"0x8002",,,,,,,,1762721915485370400,,,,,,,,,,,,,,,,,,,,,,2,56,171851,2933252976,"",0,,,,,,,,,,,,,,,,,,,,,,,,,,,,,,,,,,,,,,,,,,,,,,,,,,,,,,,,,,
"2025-11-09 20:58:35.4854447Z","2025-11-09 20:58:35.4854447Z","ETW","Microsoft-Antimalware-Engine",36,"Cache  MOACLookup"," 3728 MsMpEng.exe",4696,,,,,,"C:\Users\Public\Downloads\attack-372.exe",,"0x8002",,,,,,,,1762721915485444700,,,,,,,,,,,,,,,,,,,,,,128,56,171851,2933252976,"",0,,,,,,,,,,,,,,,,,,,,,,,,,,,,,,,,,,,,,,,,,,,,,,,,,,,,,,,,,,
"2025-11-09 20:58:35.4855167Z","2025-11-09 20:58:35.4855167Z","ETW","Microsoft-Antimalware-Engine",38,"Cache  CacheLookup"," 3728 MsMpEng.exe",4696,,,,,,"C:\Users\Public\Downloads\attack-372.exe","USN Cache","MISS",,,,,,,,1762721915485516700,,,,,,,,,,,,,,,,,,,,,,,,,,,,,,,,,,,,,,,,,,,,,,,,,,,,,,,,,,,,,,,,,,,,,,,,,,,,,,,,,,,,,
"2025-11-09 20:58:35.4861530Z","2025-11-09 20:58:35.4861530Z","ETW","Microsoft-Antimalware-Engine",32,"UfsScanProcTask Start "," 3728 MsMpEng.exe",4696,," 8620 attack-372.exe",,,,"\\.\proc\Process:8620,134071955149669025",,,,,,,,,,1762721915486153000,,,,,,,,,,,,,,,,,,,,,,,,,,,,,,,140734750392320,,,,,,,,,,,,,,,,,,,,,,,,1250000,,,,,,,,,,,,,,,,,,,,,,,,,,,,,,
"2025-11-09 20:58:35.4862480Z","2025-11-09 20:58:35.4862480Z","ETW","Microsoft-Windows-Kernel-Audit-API-Calls",5,"PsOpenProcess"," 3728 MsMpEng.exe",4696,,," 8620 attack-372.exe",,,,,,,,,,,,,1762721915486248000,,,,,,,,,,,,,,,,,,,,,,,,,,,,1048,0,,,,,,,,,,,,,,,,,,,,,,,,,,,,,,,,,,,,,,,,,,,,,,,,,,,,,,,,
"2025-11-09 20:58:35.5125699Z","2025-11-09 20:58:35.5125699Z","ETW","Microsoft-Antimalware-Engine",33,"UfsScanProcTask Stop "," 3728 MsMpEng.exe",4696,," 8620 attack-372.exe",,,,"\\.\proc\Process:8620,134071955149669025",,,,,,,,,,1762721915512569900,,,,,,,,,,,,,,,,,,,,,,,,,,,,,,,140734750392320,,,,,,,,,,,,,,,,,,,,,,,,1562500,,,18062027796,,,,,,,,,,,,,,,,,,,,,,,,,,,
"2025-11-09 20:58:35.6520456Z","2025-11-09 20:58:35.6520456Z","ETW","Microsoft-Windows-Kernel-Audit-API-Calls",5,"PsOpenProcess"," 3764 MsSense.exe",6004,,," 8620 attack-372.exe",,,,,,,,,,,,,1762721915652045600,,,,,,,,,,,,,,,,,,,,,,,,,,,,4096,0,,,,,,,,,,,,,,,,,,,,,,,,,,,,,,,,,,,,,,,,,,,,,,,,,,,,,,,,
"2025-11-09 20:58:35.6632273Z","2025-11-09 20:58:35.6632273Z","ETW","Microsoft-Windows-Kernel-Audit-API-Calls",5,"PsOpenProcess"," 3764 MsSense.exe",5800,,," 8620 attack-372.exe",,,,,,,,,,,,,1762721915663227300,,,,,,,,,,,,,,,,,,,,,,,,,,,,1048576,0,,,,,,,,,,,,,,,,,,,,,,,,,,,,,,,,,,,,,,,,,,,,,,,,,,,,,,,,
"2025-11-09 20:58:35.6641215Z","2025-11-09 20:58:35.6641215Z","ETW","Microsoft-Windows-Kernel-Audit-API-Calls",5,"PsOpenProcess"," 3728 MsMpEng.exe",4696,,," 8620 attack-372.exe",,,,,,,,,,,,,1762721915664121500,,,,,,,,,,,,,,,,,,,,,,,,,,,,1052672,0,,,,,,,,,,,,,,,,,,,,,,,,,,,,,,,,,,,,,,,,,,,,,,,,,,,,,,,,
"2025-11-09 20:58:35.6643244Z","2025-11-09 20:58:35.6643244Z","ETW","Microsoft-Antimalware-Engine",30,"UfsScanFileTask Start "," 3728 MsMpEng.exe",4696,,,,,,"C:\\Users\Public\Downloads\attack-372.exe",,,,,,,,,,1762721915664324400,,,,,,,,,,,,,,,,,,,,,,,,,,,,,,,140734750392320,,,,,,,,,,,,,,,,,,,,,,,,1562500,,,,,,,,,,,,,,,,,,,,,,,,,,,,,,
"2025-11-09 20:58:35.6904111Z","2025-11-09 20:58:35.6904111Z","ETW","Microsoft-Antimalware-Engine",3,"Message  Info "," 3728 MsMpEng.exe",4696,,,,,"subtype=Lowfi, sigseq=0x0001A6BD94FEF26D, sigsha=7862c8a131bfc08f41bb995f1ad04283949d0db3, signame=TEL:Lua:SENSEDownloadLocalLow, cached=false, source=0, resourceid=0x78012ed5, resource='C:\\Users\Public\Downloads\attack-372.exe'",,,,,,,,,,,1762721915690411100,,,,,,,,,,,,,,,,,,,,,,,,,,,,,,,,,,,,,,,,,,,,,,,,,,,,,,,,,,,,,,,,,,,,,,,,,,,,,,,,,,,,,
"2025-11-09 20:58:35.7060636Z","2025-11-09 20:58:35.7060636Z","ETW","Microsoft-Antimalware-Engine",3,"Message  Info "," 3728 MsMpEng.exe",4696,,,,,"C:\Users\Public\Downloads\attack-372.exe is NOT trusted. Checking Trust? 1",,,,,,,,,,,1762721915706063600,,,,,,,,,,,,,,,,,,,,,,,,,,,,,,,,,,,,,,,,,,,,,,,,,,,,,,,,,,,,,,,,,,,,,,,,,,,,,,,,,,,,,
"2025-11-09 20:58:35.7060653Z","2025-11-09 20:58:35.7060653Z","ETW","Microsoft-Antimalware-Engine",3,"Message  Info "," 3728 MsMpEng.exe",4696,,,,,"IsSignedFile failed on C:\\Users\Public\Downloads\attack-372.exe (CheckTrust=1)",,,,,,,,,,,1762721915706065300,,,,,,,,,,,,,,,,,,,,,,,,,,,,,,,,,,,,,,,,,,,,,,,,,,,,,,,,,,,,,,,,,,,,,,,,,,,,,,,,,,,,,
"2025-11-09 20:58:35.7483607Z","2025-11-09 20:58:35.7483607Z","ETW","Microsoft-Windows-Kernel-Network",12,"KERNEL_NETWORK_TASK_TCPIP Connection attempted. ","    0 [System Process]",0,," 3728 MsMpEng.exe",,,,,,,,,,,,,,1762721915748360700,,,,,,,,,,,,,,,,,,,,,,,,,,,,,,,,,,,,,,,,,,,,,,,,,,,,,,,,,,,0,278319124,47873,1440,65535,8,1,409671084,0,0,10,65220,0,1,,,,,,,,,,,,,
"2025-11-09 20:58:35.7815716Z","2025-11-09 20:58:35.7815716Z","ETW","Microsoft-Antimalware-Engine",31,"UfsScanFileTask Stop "," 3728 MsMpEng.exe",4696,,,,,,"C:\\Users\Public\Downloads\attack-372.exe",,,,,,,,,,1762721915781571600,,,,,,,,,,,,,,,,,,,,,,,,,,,,,,,140734750392320,,,,,,,,,,,,,,,,,,,,,,,,2031250,,,18063809514,,,,,,,,,,,,,,,,,,,,,,,,,,,
"2025-11-09 20:58:35.7816412Z","2025-11-09 20:58:35.7816412Z","ETW","Microsoft-Antimalware-Engine",32,"UfsScanProcTask Start "," 3728 MsMpEng.exe",4696,," 8620 attack-372.exe",,,,"\\.\proc\Process:8620",,,,,,,,,,1762721915781641200,,,,,,,,,,,,,,,,,,,,,,,,,,,,,,,140734750392320,,,,,,,,,,,,,,,,,,,,,,,,2031250,,,,,,,,,,,,,,,,,,,,,,,,,,,,,,
"2025-11-09 20:58:35.7818503Z","2025-11-09 20:58:35.7818503Z","ETW","Microsoft-Windows-Kernel-Audit-API-Calls",5,"PsOpenProcess"," 3728 MsMpEng.exe",4696,,," 8620 attack-372.exe",,,,,,,,,,,,,1762721915781850300,,,,,,,,,,,,,,,,,,,,,,,,,,,,1048,0,,,,,,,,,,,,,,,,,,,,,,,,,,,,,,,,,,,,,,,,,,,,,,,,,,,,,,,,
"2025-11-09 20:58:35.8144803Z","2025-11-09 20:58:35.8144803Z","ETW","Microsoft-Antimalware-Engine",33,"UfsScanProcTask Stop "," 3728 MsMpEng.exe",4696,," 8620 attack-372.exe",,,,"\\.\proc\Process:8620",,,,,,,,,,1762721915814480300,,,,,,,,,,,,,,,,,,,,,,,,,,,,,,,140734750392320,,,,,,,,,,,,,,,,,,,,,,,,2343750,,,18064982635,,,,,,,,,,,,,,,,,,,,,,,,,,,
"2025-11-09 20:58:35.8255939Z","2025-11-09 20:58:35.8255939Z","ETW","Microsoft-Windows-Kernel-Audit-API-Calls",5,"PsOpenProcess"," 3728 MsMpEng.exe",3932,,," 8620 attack-372.exe",,,,,,,,,,,,,1762721915825593900,,,,,,,,,,,,,,,,,,,,,,,,,,,,4112,0,,,,,,,,,,,,,,,,,,,,,,,,,,,,,,,,,,,,,,,,,,,,,,,,,,,,,,,,
"2025-11-09 20:58:35.8390021Z","2025-11-09 20:58:35.8390021Z","ETW","Microsoft-Windows-Kernel-Audit-API-Calls",5,"PsOpenProcess"," 3728 MsMpEng.exe",3932,,," 8620 attack-372.exe",,,,,,,,,,,,,1762721915839002100,,,,,,,,,,,,,,,,,,,,,,,,,,,,4112,0,,,,,,,,,,,,,,,,,,,,,,,,,,,,,,,,,,,,,,,,,,,,,,,,,,,,,,,,
"2025-11-09 20:58:35.8501972Z","2025-11-09 20:58:35.8501972Z","ETW","Microsoft-Windows-Kernel-Audit-API-Calls",5,"PsOpenProcess"," 3728 MsMpEng.exe",3932,,," 8620 attack-372.exe",,,,,,,,,,,,,1762721915850197200,,,,,,,,,,,,,,,,,,,,,,,,,,,,4096,0,,,,,,,,,,,,,,,,,,,,,,,,,,,,,,,,,,,,,,,,,,,,,,,,,,,,,,,,
"2025-11-09 20:58:35.990301200Z","2025-11-09 20:58:35.9903087Z","myETW","EDRi-Provider",4242,"EDRi-Event"," 7784 EDRi.exe",,,,,,"After starting the attack exe",,,,,,,,,,,1762721915990308700,,,,,,,,,,,,,,,,,,,,,,,,,,,,,,,,,,,,,,,,,,,,,,,,,,,,,,,,,,,,,,,,,,,,,,,,,,,,,,,,,,,,,
"2025-11-09 20:58:36.022375300Z","2025-11-09 20:58:36.0223832Z","myETW","Attack-Provider",1337,"Attack-Provider"," 8620 attack-372.exe",,,,,,"Running 'deconditioning_alloc' config",,,,,,,,,,,1762721916022383200,,,,,,,,,,,,,,,,,,,,,,,,,,,,,,,,,,,,,,,,,,,,,,,,,,,,,,,,,,,,,,,,,,,,,,,,,,,,,,,,,,,,,
"2025-11-09 20:58:36.022909100Z","2025-11-09 20:58:36.0229138Z","myETW","Attack-Provider",1337,"Attack-Provider"," 8620 attack-372.exe",,,,,,"Before starting subprocess to inject to",,,,,,,,,,,1762721916022913800,,,,,,,,,,,,,,,,,,,,,,,,,,,,,,,,,,,,,,,,,,,,,,,,,,,,,,,,,,,,,,,,,,,,,,,,,,,,,,,,,,,,,
"2025-11-09 20:58:36.0395477Z","2025-11-09 20:58:36.0395477Z","ETW","Microsoft-Windows-Kernel-Process",3,"ThreadStart Start "," 8620 attack-372.exe",11148,,," 8620 attack-372.exe",,,,,,,,,,,,,1762721916039547700,,,,,,,,,,,,,,,,,,,,,,,,,,,,,,,,,,,,,,,,,18446651185659576320,18446651185659547648,140735219981248,0,365261664256,5936,365268303872,365268299776,140735219981248,,,,,,,,,,,,,,,,,,,,,,,,,,,,,,,,,,,,
"2025-11-09 20:58:36.0401308Z","2025-11-09 20:58:36.0401308Z","ETW","Microsoft-Windows-Kernel-Process",3,"ThreadStart Start "," 8620 attack-372.exe",5936,,," 8620 attack-372.exe",,,,,,,,,,,,,1762721916040130800,,,,,,,,,,,,,,,,,,,,,,,,,,,,,,,,,,,,,,,,,18446651185698406400,18446651185698377728,140735219981248,0,365261672448,6636,365269352448,365269348352,140735219981248,,,,,,,,,,,,,,,,,,,,,,,,,,,,,,,,,,,,
"2025-11-09 20:58:36.0411787Z","2025-11-09 20:58:36.0411787Z","ETW","Microsoft-Windows-Kernel-Audit-API-Calls",5,"PsOpenProcess"," 2848 svchost.exe",1704,,," 8620 attack-372.exe",,,,,,,,,,,,,1762721916041178700,,,,,,,,,,,,,,,,,,,,,,,,,,,,1049792,0,,,,,,,,,,,,,,,,,,,,,,,,,,,,,,,,,,,,,,,,,,,,,,,,,,,,,,,,
"2025-11-09 20:58:36.0414434Z","2025-11-09 20:58:36.0414434Z","ETW","Microsoft-Antimalware-Engine",53,"Behavior Monitoring  BmOpenProcess"," 3728 MsMpEng.exe",11096,," 2848 svchost.exe"," 8620 attack-372.exe",,,,,,,,,,,,,1762721916041443400,,,,,,,,,,,,,,,,,,,,,,,,,,,,,,,,,,,,,,,,,,,,,,,,,,1053888,false,,,,,,,,,,,,,,,,,,,,,,,,,,,,,,,,,,
"2025-11-09 20:58:36.0654507Z","2025-11-09 20:58:36.0654507Z","ETW","Microsoft-Windows-Kernel-Audit-API-Calls",5,"PsOpenProcess","  528 svchost.exe",6096,,," 8620 attack-372.exe",,,,,,,,,,,,,1762721916065450700,,,,,,,,,,,,,,,,,,,,,,,,,,,,4096,0,,,,,,,,,,,,,,,,,,,,,,,,,,,,,,,,,,,,,,,,,,,,,,,,,,,,,,,,
"2025-11-09 20:58:36.0655001Z","2025-11-09 20:58:36.0655001Z","ETW","Microsoft-Windows-Kernel-Audit-API-Calls",5,"PsOpenProcess"," 1124 svchost.exe",10680,,," 8620 attack-372.exe",,,,,,,,,,,,,1762721916065500100,,,,,,,,,,,,,,,,,,,,,,,,,,,,1048576,0,,,,,,,,,,,,,,,,,,,,,,,,,,,,,,,,,,,,,,,,,,,,,,,,,,,,,,,,
"2025-11-09 20:58:36.0666545Z","2025-11-09 20:58:36.0666545Z","ETW","Microsoft-Windows-Kernel-Process",3,"ThreadStart Start "," 8620 attack-372.exe",11148,,," 8620 attack-372.exe",,,,,,,,,,,,,1762721916066654500,,,,,,,,,,,,,,,,,,,,,,,,,,,,,,,,,,,,,,,,,18446651185697456128,18446651185697427456,140735210965680,0,365261680640,6796,365270401024,365270392832,140735210965680,,,,,,,,,,,,,,,,,,,,,,,,,,,,,,,,,,,,
"2025-11-09 20:58:36.0700738Z","2025-11-09 20:58:36.0700738Z","ETW","Microsoft-Windows-Kernel-Audit-API-Calls",5,"PsOpenProcess"," 3380 svchost.exe",5572,,," 8620 attack-372.exe",,,,,,,,,,,,,1762721916070073800,,,,,,,,,,,,,,,,,,,,,,,,,,,,4096,0,,,,,,,,,,,,,,,,,,,,,,,,,,,,,,,,,,,,,,,,,,,,,,,,,,,,,,,,
"2025-11-09 20:58:36.0712677Z","2025-11-09 20:58:36.0712677Z","ETW","Microsoft-Windows-Kernel-Audit-API-Calls",5,"PsOpenProcess"," 3380 svchost.exe",5572,,," 8620 attack-372.exe",,,,,,,,,,,,,1762721916071267700,,,,,,,,,,,,,,,,,,,,,,,,,,,,4096,0,,,,,,,,,,,,,,,,,,,,,,,,,,,,,,,,,,,,,,,,,,,,,,,,,,,,,,,,
"2025-11-09 20:58:36.0798593Z","2025-11-09 20:58:36.0798593Z","ETW","Microsoft-Windows-Kernel-Process",1,"ProcessStart Start "," 8620 attack-372.exe",11148,,," 6804 Notepad.exe",,,"C:\Program Files\WindowsApps\Microsoft.WindowsNotepad_11.2508.38.0_x64__8wekyb3d8bbwe\Notepad\Notepad.exe",,,,,,,,,,1762721916079859300,,,,,,,,134071955160798090,3,2833321,"0x","Microsoft.WindowsNotepad_11.2508.38.0_x64__8wekyb3d8bbwe","App",8620,595,597,1,1,0,0,1761353756,,,,,,,,,,,,,,,,,,,,,,,,,,,,,,,,,,,,,,,,,,,,,,,,,,,,,,,,,,,,,,,,
"2025-11-09 20:58:36.0815874Z","2025-11-09 20:58:36.0815874Z","ETW","Microsoft-Windows-Kernel-Audit-API-Calls",5,"PsOpenProcess"," 3728 MsMpEng.exe",5512,,," 6804 Notepad.exe",,,,,,,,,,,,,1762721916081587400,,,,,,,,,,,,,,,,,,,,,,,,,,,,1536,0,,,,,,,,,,,,,,,,,,,,,,,,,,,,,,,,,,,,,,,,,,,,,,,,,,,,,,,,
"2025-11-09 20:58:36.0815920Z","2025-11-09 20:58:36.0815920Z","ETW","Microsoft-Antimalware-Engine",73,"Behavior Monitoring  ProcessMonitorFlags"," 3728 MsMpEng.exe",5512,," 6804 Notepad.exe",,,,"C:\Program Files\WindowsApps\Microsoft.WindowsNotepad_11.2508.38.0_x64__8wekyb3d8bbwe\Notepad\Notepad.exe",,,,,,,,,,1762721916081592000,,,,,,,,,"0x400003DF",,,,,,,,,,,,,,,,,,,,,134071955160798090,140734750392320,"0x0","0x44","0x0","0x0","0x0","SyncStart",,,,,,,,,,,,,,,,,,,,,,,,,,,,,,,,,,,,,,,,,,,,,,,,
"2025-11-09 20:58:36.0818707Z","2025-11-09 20:58:36.0818707Z","ETW","Microsoft-Antimalware-Engine",70,"Behavior Monitoring  BmProcessCreate"," 3728 MsMpEng.exe",11096," 8620 attack-372.exe"," 6804 Notepad.exe",,,,"C:\Program Files\WindowsApps\Microsoft.WindowsNotepad_11.2508.38.0_x64__8wekyb3d8bbwe\Notepad\Notepad.exe",,,,,,,"'C:\Windows\System32\notepad.exe'",,,1762721916081870800,,,,,,,,,33554432,,,,,,,,,,,,,,,,,,,,,,,,,,,,,12288,,,,,,,,,,,,,,,,,,,,,,,,,,,,,,,,,,,,,,,,,,,,,,,
"2025-11-09 20:58:36.0819286Z","2025-11-09 20:58:36.0819286Z","ETW","Microsoft-Windows-Kernel-Audit-API-Calls",5,"PsOpenProcess"," 3728 MsMpEng.exe",11096,,," 6804 Notepad.exe",,,,,,,,,,,,,1762721916081928600,,,,,,,,,,,,,,,,,,,,,,,,,,,,4096,0,,,,,,,,,,,,,,,,,,,,,,,,,,,,,,,,,,,,,,,,,,,,,,,,,,,,,,,,
"2025-11-09 20:58:36.0820917Z","2025-11-09 20:58:36.0820917Z","ETW","Microsoft-Antimalware-Engine",109,"Behavior Monitoring  BmProcessContextStart"," 3728 MsMpEng.exe",11096,," 6804 Notepad.exe",,,,,,,,,,,,,,1762721916082091700,,,,,,,,,,,,,,,,,,,,,,,,,,,,,,,,,,,,,,,"C:\Program Files\WindowsApps\Microsoft.WindowsNotepad_11.2508.38.0_x64__8wekyb3d8bbwe\Notepad\Notepad.exe",2251756420064,,,,,,,,,,,,,,,,,,,,,,,,,,,,,,,,,,,,,,,,,,,,,
"2025-11-09 20:58:36.0821520Z","2025-11-09 20:58:36.0821520Z","ETW","Microsoft-Windows-Kernel-Process",3,"ThreadStart Start "," 8620 attack-372.exe",11148,,," 6804 Notepad.exe",,,,,,,,,,,,,1762721916082152000,,,,,,,,,,,,,,,,,,,,,,,,,,,,,,,,,,,,,,,,,18446651185697751040,18446651185697722368,140699496159296,0,128034103296,6296,128032440320,128032436224,140699496159296,,,,,,,,,,,,,,,,,,,,,,,,,,,,,,,,,,,,
"2025-11-09 20:58:36.0822392Z","2025-11-09 20:58:36.0822392Z","ETW","Microsoft-Antimalware-Engine",53,"Behavior Monitoring  BmOpenProcess"," 3728 MsMpEng.exe",2908,," 8620 attack-372.exe"," 6804 Notepad.exe",,,,,,,,,,,,,1762721916082239200,,,,,,,,,,,,,,,,,,,,,,,,,,,,,,,,,,,,,,,,,,,,,,,,,,2097151,false,,,,,,,,,,,,,,,,,,,,,,,,,,,,,,,,,,
"2025-11-09 20:58:36.0827861Z","2025-11-09 20:58:36.0827861Z","ETW","Microsoft-Windows-Kernel-Audit-API-Calls",5,"PsOpenProcess"," 3728 MsMpEng.exe",11096,,," 8620 attack-372.exe",,,,,,,,,,,,,1762721916082786100,,,,,,,,,,,,,,,,,,,,,,,,,,,,5136,0,,,,,,,,,,,,,,,,,,,,,,,,,,,,,,,,,,,,,,,,,,,,,,,,,,,,,,,,
"2025-11-09 20:58:36.0828077Z","2025-11-09 20:58:36.0828077Z","ETW","Microsoft-Antimalware-Engine",104,"Behavior Monitoring  BmInternal"," 3728 MsMpEng.exe",11096,," 6804 Notepad.exe",,,,,,,,,,,,"Parent","n/a",1762721916082807700,,,,,,,,,,,,,,,,,,,,,,,,,,,,,,,,,,,,,,,,,,,,,,,,,,,,35,,,,,,,,,,,,,,,,,,,,,,,,,,,,,,,,,
"2025-11-09 20:58:36.0832902Z","2025-11-09 20:58:36.0832902Z","ETW","Microsoft-Antimalware-Engine",104,"Behavior Monitoring  BmInternal"," 3728 MsMpEng.exe",3932,," 6804 Notepad.exe",,,,,,,,,,,,"Parent","n/a",1762721916083290200,,,,,,,,,,,,,,,,,,,,,,,,,,,,,,,,,,,,,,,,,,,,,,,,,,,,35,,,,,,,,,,,,,,,,,,,,,,,,,,,,,,,,,
"2025-11-09 20:58:36.0838192Z","2025-11-09 20:58:36.0838192Z","ETW","Microsoft-Windows-Kernel-Audit-API-Calls",5,"PsOpenProcess","  708 csrss.exe",1392,,," 6804 Notepad.exe",,,,,,,,,,,,,1762721916083819200,,,,,,,,,,,,,,,,,,,,,,,,,,,,2097151,0,,,,,,,,,,,,,,,,,,,,,,,,,,,,,,,,,,,,,,,,,,,,,,,,,,,,,,,,
"2025-11-09 20:58:36.0838339Z","2025-11-09 20:58:36.0838339Z","ETW","Microsoft-Windows-Kernel-Audit-API-Calls",6,"PsOpenThread","  708 csrss.exe",1392,,," 6804 Notepad.exe",6296,,,,,,,,,,,,1762721916083833900,,,,,,,,,,,,,,,,,,,,,,,,,,,,2097151,0,,,,,,,,,,,,,,,,,,,,,,,,,,,,,,,,,,,,,,,,,,,,,,,,,,,,,,,,
"2025-11-09 20:58:36.0848087Z","2025-11-09 20:58:36.0848087Z","ETW","Microsoft-Windows-Kernel-Audit-API-Calls",5,"PsOpenProcess"," 2848 svchost.exe",1704,,," 8620 attack-372.exe",,,,,,,,,,,,,1762721916084808700,,,,,,,,,,,,,,,,,,,,,,,,,,,,1049792,0,,,,,,,,,,,,,,,,,,,,,,,,,,,,,,,,,,,,,,,,,,,,,,,,,,,,,,,,
"2025-11-09 20:58:36.0848388Z","2025-11-09 20:58:36.0848388Z","ETW","Microsoft-Antimalware-Engine",53,"Behavior Monitoring  BmOpenProcess"," 3728 MsMpEng.exe",11096,," 2848 svchost.exe"," 8620 attack-372.exe",,,,,,,,,,,,,1762721916084838800,,,,,,,,,,,,,,,,,,,,,,,,,,,,,,,,,,,,,,,,,,,,,,,,,,1053888,false,,,,,,,,,,,,,,,,,,,,,,,,,,,,,,,,,,
"2025-11-09 20:58:36.0880927Z","2025-11-09 20:58:36.0880927Z","ETW","Microsoft-Windows-Kernel-Audit-API-Calls",5,"PsOpenProcess"," 2848 svchost.exe",1704,,," 6804 Notepad.exe",,,,,,,,,,,,,1762721916088092700,,,,,,,,,,,,,,,,,,,,,,,,,,,,4353,0,,,,,,,,,,,,,,,,,,,,,,,,,,,,,,,,,,,,,,,,,,,,,,,,,,,,,,,,
"2025-11-09 20:58:36.0881220Z","2025-11-09 20:58:36.0881220Z","ETW","Microsoft-Windows-Kernel-Audit-API-Calls",6,"PsOpenThread"," 2848 svchost.exe",1704,,," 6804 Notepad.exe",6296,,,,,,,,,,,,1762721916088122000,,,,,,,,,,,,,,,,,,,,,,,,,,,,2,0,,,,,,,,,,,,,,,,,,,,,,,,,,,,,,,,,,,,,,,,,,,,,,,,,,,,,,,,
"2025-11-09 20:58:36.1060855Z","2025-11-09 20:58:36.1060855Z","ETW","Microsoft-Windows-Kernel-Process",11,"ProcessFreeze Start ","  528 svchost.exe",6096,,," 6804 Notepad.exe",,,,,,,,,,,,,1762721916106085500,,,,,,,,134071955160798090,,,,,,,,,,,,,,,,,,,,,,,,,,,,,,,,,,,,,,,,,,,,,,,,,,,,,,,,,,,,,,,,,,,,,,,,,,,,,
"2025-11-09 20:58:36.1062112Z","2025-11-09 20:58:36.1062112Z","ETW","Microsoft-Windows-Kernel-Audit-API-Calls",5,"PsOpenProcess","  528 svchost.exe",6096,,," 6804 Notepad.exe",,,,,,,,,,,,,1762721916106211200,,,,,,,,,,,,,,,,,,,,,,,,,,,,4096,0,,,,,,,,,,,,,,,,,,,,,,,,,,,,,,,,,,,,,,,,,,,,,,,,,,,,,,,,
"2025-11-09 20:58:36.1062347Z","2025-11-09 20:58:36.1062347Z","ETW","Microsoft-Windows-Kernel-Audit-API-Calls",5,"PsOpenProcess","  528 svchost.exe",6096,,," 6804 Notepad.exe",,,,,,,,,,,,,1762721916106234700,,,,,,,,,,,,,,,,,,,,,,,,,,,,4096,0,,,,,,,,,,,,,,,,,,,,,,,,,,,,,,,,,,,,,,,,,,,,,,,,,,,,,,,,
"2025-11-09 20:58:36.1067227Z","2025-11-09 20:58:36.1067227Z","ETW","Microsoft-Windows-Kernel-Audit-API-Calls",5,"PsOpenProcess","  528 svchost.exe",6096,,," 6804 Notepad.exe",,,,,,,,,,,,,1762721916106722700,,,,,,,,,,,,,,,,,,,,,,,,,,,,4096,0,,,,,,,,,,,,,,,,,,,,,,,,,,,,,,,,,,,,,,,,,,,,,,,,,,,,,,,,
"2025-11-09 20:58:36.1068094Z","2025-11-09 20:58:36.1068094Z","ETW","Microsoft-Windows-Kernel-Audit-API-Calls",5,"PsOpenProcess","  528 svchost.exe",6400,,," 6804 Notepad.exe",,,,,,,,,,,,,1762721916106809400,,,,,,,,,,,,,,,,,,,,,,,,,,,,4096,0,,,,,,,,,,,,,,,,,,,,,,,,,,,,,,,,,,,,,,,,,,,,,,,,,,,,,,,,
"2025-11-09 20:58:36.1068300Z","2025-11-09 20:58:36.1068300Z","ETW","Microsoft-Windows-Kernel-Audit-API-Calls",5,"PsOpenProcess","  528 svchost.exe",6400,,," 6804 Notepad.exe",,,,,,,,,,,,,1762721916106830000,,,,,,,,,,,,,,,,,,,,,,,,,,,,4096,0,,,,,,,,,,,,,,,,,,,,,,,,,,,,,,,,,,,,,,,,,,,,,,,,,,,,,,,,
"2025-11-09 20:58:36.107213500Z","2025-11-09 20:58:36.1072152Z","myETW","Attack-Provider",1337,"Attack-Provider"," 8620 attack-372.exe",,,,,,"After starting subprocess with PID 6804",,,,,,,,,,,1762721916107215200,,,,,,,,,,,,,,,,,,,,,,,,,,,,,,,,,,,,,,,,,,,,,,,,,,,,,,,,,,,,,,,,,,,,,,,,,,,,,,,,,,,,,
"2025-11-09 20:58:36.1074375Z","2025-11-09 20:58:36.1074375Z","ETW","Microsoft-Antimalware-Engine",43,"ExpensiveOperationTask ExpensiveOperationBegin"," 3728 MsMpEng.exe",4104,,,,,"BM InitializeFriendlyStatus::IsKnownFriendly()",,,,,"C:\Program Files\WindowsApps\Microsoft.WindowsNotepad_11.2508.38.0_x64__8wekyb3d8bbwe\Notepad\Notepad.exe",,,,,,1762721916107437500,,,,,,,,,,,,,,,,,,,,,,,,,,,,,,,,,,,,,,,,,,,,,,,,,,,,,6804,true,2968750,,,,,,,,,,,,,,,,,,,,,,,,,,,,,,
"2025-11-09 20:58:36.1074541Z","2025-11-09 20:58:36.1074541Z","ETW","Microsoft-Antimalware-Engine",67,"ExpensiveOperationTask ExpensiveOperationEnd"," 3728 MsMpEng.exe",4104,,,,,"BM InitializeFriendlyStatus::IsKnownFriendly()",,,,,"C:\Program Files\WindowsApps\Microsoft.WindowsNotepad_11.2508.38.0_x64__8wekyb3d8bbwe\Notepad\Notepad.exe",,,,,,1762721916107454100,,,,,,,,,,,,,,,,,,,,,,,,,,,,,,,,,,,,,,,,,,,,,,,,,,,,,6804,false,2968750,0,0,,,,,,,,,,,,,,,,,,,,,,,,,,,,
"2025-11-09 20:58:36.1102074Z","2025-11-09 20:58:36.1102074Z","ETW","Microsoft-Windows-Kernel-Audit-API-Calls",5,"PsOpenProcess"," 3728 MsMpEng.exe",4104,,," 6804 Notepad.exe",,,,,,,,,,,,,1762721916110207400,,,,,,,,,,,,,,,,,,,,,,,,,,,,5136,0,,,,,,,,,,,,,,,,,,,,,,,,,,,,,,,,,,,,,,,,,,,,,,,,,,,,,,,,
"2025-11-09 20:58:36.1225226Z","2025-11-09 20:58:36.1225226Z","ETW","Microsoft-Antimalware-Engine",104,"Behavior Monitoring  BmInternal"," 3728 MsMpEng.exe",3932,," 6804 Notepad.exe",,,,,,,,,,,,"C:\Program Files\WindowsApps\Microsoft.WindowsNotepad_11.2508.38.0_x64__8wekyb3d8bbwe\Notepad\Notepad.exe","'C:\Windows\System32\notepad.exe'",1762721916122522600,,,,,,,,,,,,,,,,,,,,,,,,,,,,,,,,,,,,,,,,,,,,,,,,,,,,22,,,,,,,,,,,,,,,,,,,,,,,,,,,,,,,,,
"2025-11-09 20:58:36.1239287Z","2025-11-09 20:58:36.1239287Z","ETW","Microsoft-Antimalware-Engine",104,"Behavior Monitoring  BmInternal"," 3728 MsMpEng.exe",3932,," 6804 Notepad.exe",,,,,,,,,,,,"C:\Program Files\WindowsApps\Microsoft.WindowsNotepad_11.2508.38.0_x64__8wekyb3d8bbwe\Notepad\Notepad.exe","'C:\Windows\System32\notepad.exe'",1762721916123928700,,,,,,,,,,,,,,,,,,,,,,,,,,,,,,,,,,,,,,,,,,,,,,,,,,,,22,,,,,,,,,,,,,,,,,,,,,,,,,,,,,,,,,
"2025-11-09 20:58:36.1350994Z","2025-11-09 20:58:36.1350994Z","ETW","Microsoft-Windows-Kernel-Audit-API-Calls",5,"PsOpenProcess"," 6804 Notepad.exe",6296,,," 8620 attack-372.exe",,,,,,,,,,,,,1762721916135099400,,,,,,,,,,,,,,,,,,,,,,,,,,,,4096,0,,,,,,,,,,,,,,,,,,,,,,,,,,,,,,,,,,,,,,,,,,,,,,,,,,,,,,,,
"2025-11-09 20:58:36.1412692Z","2025-11-09 20:58:36.1412692Z","ETW","Microsoft-Windows-Kernel-Process",1,"ProcessStart Start "," 6804 Notepad.exe",6296,,," 8252 Notepad.exe",,,"C:\Program Files\WindowsApps\Microsoft.WindowsNotepad_11.2508.38.0_x64__8wekyb3d8bbwe\Notepad\Notepad.exe",,,,,,,,,,1762721916141269200,,,,,,,,134071955161411919,3,2833321,"0x","Microsoft.WindowsNotepad_11.2508.38.0_x64__8wekyb3d8bbwe","App",6804,597,598,1,1,0,0,1761353756,,,,,,,,,,,,,,,,,,,,,,,,,,,,,,,,,,,,,,,,,,,,,,,,,,,,,,,,,,,,,,,,
"2025-11-09 20:58:36.1447639Z","2025-11-09 20:58:36.1447639Z","ETW","Microsoft-Antimalware-Engine",53,"Behavior Monitoring  BmOpenProcess"," 3728 MsMpEng.exe",4104,," 6804 Notepad.exe"," 8252 Notepad.exe",,,,,,,,,,,,,1762721916144763900,,,,,,,,,,,,,,,,,,,,,,,,,,,,,,,,,,,,,,,,,,,,,,,,,,2097151,false,,,,,,,,,,,,,,,,,,,,,,,,,,,,,,,,,,
"2025-11-09 20:58:36.1451938Z","2025-11-09 20:58:36.1451938Z","ETW","Microsoft-Windows-Kernel-Audit-API-Calls",5,"PsOpenProcess"," 3764 MsSense.exe",6004,,," 6804 Notepad.exe",,,,,,,,,,,,,1762721916145193800,,,,,,,,,,,,,,,,,,,,,,,,,,,,4096,0,,,,,,,,,,,,,,,,,,,,,,,,,,,,,,,,,,,,,,,,,,,,,,,,,,,,,,,,
"2025-11-09 20:58:36.1707031Z","2025-11-09 20:58:36.1707031Z","ETW","Microsoft-Windows-Kernel-Audit-API-Calls",5,"PsOpenProcess"," 8252 Notepad.exe",10992,,," 6804 Notepad.exe",,,,,,,,,,,,,1762721916170703100,,,,,,,,,,,,,,,,,,,,,,,,,,,,64,0,,,,,,,,,,,,,,,,,,,,,,,,,,,,,,,,,,,,,,,,,,,,,,,,,,,,,,,,
"2025-11-09 20:58:36.1707396Z","2025-11-09 20:58:36.1707396Z","ETW","Microsoft-Antimalware-Engine",53,"Behavior Monitoring  BmOpenProcess"," 3728 MsMpEng.exe",2908,," 8252 Notepad.exe"," 6804 Notepad.exe",,,,,,,,,,,,,1762721916170739600,,,,,,,,,,,,,,,,,,,,,,,,,,,,,,,,,,,,,,,,,,,,,,,,,,64,false,,,,,,,,,,,,,,,,,,,,,,,,,,,,,,,,,,
"2025-11-09 20:58:36.1990469Z","2025-11-09 20:58:36.1990469Z","ETW","Microsoft-Windows-Kernel-Audit-API-Calls",5,"PsOpenProcess"," 1448 WmiPrvSE.exe",6440,,," 8620 attack-372.exe",,,,,,,,,,,,,1762721916199046900,,,,,,,,,,,,,,,,,,,,,,,,,,,,1024,0,,,,,,,,,,,,,,,,,,,,,,,,,,,,,,,,,,,,,,,,,,,,,,,,,,,,,,,,
"2025-11-09 20:58:36.1990630Z","2025-11-09 20:58:36.1990630Z","ETW","Microsoft-Windows-Kernel-Audit-API-Calls",5,"PsOpenProcess"," 1448 WmiPrvSE.exe",6440,,," 8620 attack-372.exe",,,,,,,,,,,,,1762721916199063000,,,,,,,,,,,,,,,,,,,,,,,,,,,,1024,0,,,,,,,,,,,,,,,,,,,,,,,,,,,,,,,,,,,,,,,,,,,,,,,,,,,,,,,,
"2025-11-09 20:58:36.1991452Z","2025-11-09 20:58:36.1991452Z","ETW","Microsoft-Windows-Kernel-Audit-API-Calls",5,"PsOpenProcess"," 1448 WmiPrvSE.exe",6440,,," 6804 Notepad.exe",,,,,,,,,,,,,1762721916199145200,,,,,,,,,,,,,,,,,,,,,,,,,,,,1024,0,,,,,,,,,,,,,,,,,,,,,,,,,,,,,,,,,,,,,,,,,,,,,,,,,,,,,,,,
"2025-11-09 20:58:36.1991613Z","2025-11-09 20:58:36.1991613Z","ETW","Microsoft-Windows-Kernel-Audit-API-Calls",5,"PsOpenProcess"," 1448 WmiPrvSE.exe",6440,,," 6804 Notepad.exe",,,,,,,,,,,,,1762721916199161300,,,,,,,,,,,,,,,,,,,,,,,,,,,,1024,0,,,,,,,,,,,,,,,,,,,,,,,,,,,,,,,,,,,,,,,,,,,,,,,,,,,,,,,,
"2025-11-09 20:58:36.2492037Z","2025-11-09 20:58:36.2492037Z","ETW","Microsoft-Windows-Kernel-Audit-API-Calls",5,"PsOpenProcess"," 1448 WmiPrvSE.exe",6440,,," 8620 attack-372.exe",,,,,,,,,,,,,1762721916249203700,,,,,,,,,,,,,,,,,,,,,,,,,,,,1024,0,,,,,,,,,,,,,,,,,,,,,,,,,,,,,,,,,,,,,,,,,,,,,,,,,,,,,,,,
"2025-11-09 20:58:36.2492207Z","2025-11-09 20:58:36.2492207Z","ETW","Microsoft-Windows-Kernel-Audit-API-Calls",5,"PsOpenProcess"," 1448 WmiPrvSE.exe",6440,,," 8620 attack-372.exe",,,,,,,,,,,,,1762721916249220700,,,,,,,,,,,,,,,,,,,,,,,,,,,,1024,0,,,,,,,,,,,,,,,,,,,,,,,,,,,,,,,,,,,,,,,,,,,,,,,,,,,,,,,,
"2025-11-09 20:58:36.2493073Z","2025-11-09 20:58:36.2493073Z","ETW","Microsoft-Windows-Kernel-Audit-API-Calls",5,"PsOpenProcess"," 1448 WmiPrvSE.exe",6440,,," 6804 Notepad.exe",,,,,,,,,,,,,1762721916249307300,,,,,,,,,,,,,,,,,,,,,,,,,,,,1024,0,,,,,,,,,,,,,,,,,,,,,,,,,,,,,,,,,,,,,,,,,,,,,,,,,,,,,,,,
"2025-11-09 20:58:36.2493327Z","2025-11-09 20:58:36.2493327Z","ETW","Microsoft-Windows-Kernel-Audit-API-Calls",5,"PsOpenProcess"," 1448 WmiPrvSE.exe",6440,,," 6804 Notepad.exe",,,,,,,,,,,,,1762721916249332700,,,,,,,,,,,,,,,,,,,,,,,,,,,,1024,0,,,,,,,,,,,,,,,,,,,,,,,,,,,,,,,,,,,,,,,,,,,,,,,,,,,,,,,,
"2025-11-09 20:58:36.3297990Z","2025-11-09 20:58:36.3297990Z","ETW","Microsoft-Windows-Kernel-Audit-API-Calls",5,"PsOpenProcess"," 3728 MsMpEng.exe",8980,,," 6804 Notepad.exe",,,,,,,,,,,,,1762721916329799000,,,,,,,,,,,,,,,,,,,,,,,,,,,,5136,0,,,,,,,,,,,,,,,,,,,,,,,,,,,,,,,,,,,,,,,,,,,,,,,,,,,,,,,,
"2025-11-09 20:58:36.3301494Z","2025-11-09 20:58:36.3301494Z","ETW","Microsoft-Windows-Kernel-Audit-API-Calls",5,"PsOpenProcess"," 3728 MsMpEng.exe",8980,,," 8620 attack-372.exe",,,,,,,,,,,,,1762721916330149400,,,,,,,,,,,,,,,,,,,,,,,,,,,,5136,0,,,,,,,,,,,,,,,,,,,,,,,,,,,,,,,,,,,,,,,,,,,,,,,,,,,,,,,,
"2025-11-09 20:58:36.5924206Z","2025-11-09 20:58:36.5924206Z","ETW","Microsoft-Windows-Kernel-Audit-API-Calls",5,"PsOpenProcess"," 3728 MsMpEng.exe",2908,,," 6804 Notepad.exe",,,,,,,,,,,,,1762721916592420600,,,,,,,,,,,,,,,,,,,,,,,,,,,,1052672,0,,,,,,,,,,,,,,,,,,,,,,,,,,,,,,,,,,,,,,,,,,,,,,,,,,,,,,,,
"2025-11-09 20:58:36.6055520Z","2025-11-09 20:58:36.6055520Z","ETW","Microsoft-Windows-Kernel-Audit-API-Calls",5,"PsOpenProcess"," 1216 WerFault.exe",1656,,," 6804 Notepad.exe",,,,,,,,,,,,,1762721916605552000,,,,,,,,,,,,,,,,,,,,,,,,,,,,1040,0,,,,,,,,,,,,,,,,,,,,,,,,,,,,,,,,,,,,,,,,,,,,,,,,,,,,,,,,
"2025-11-09 20:58:36.6790323Z","2025-11-09 20:58:36.6790323Z","ETW","Microsoft-Windows-Kernel-Audit-API-Calls",5,"PsOpenProcess"," 1448 WmiPrvSE.exe",6440,,," 8620 attack-372.exe",,,,,,,,,,,,,1762721916679032300,,,,,,,,,,,,,,,,,,,,,,,,,,,,1024,0,,,,,,,,,,,,,,,,,,,,,,,,,,,,,,,,,,,,,,,,,,,,,,,,,,,,,,,,
"2025-11-09 20:58:36.6790486Z","2025-11-09 20:58:36.6790486Z","ETW","Microsoft-Windows-Kernel-Audit-API-Calls",5,"PsOpenProcess"," 1448 WmiPrvSE.exe",6440,,," 8620 attack-372.exe",,,,,,,,,,,,,1762721916679048700,,,,,,,,,,,,,,,,,,,,,,,,,,,,1024,0,,,,,,,,,,,,,,,,,,,,,,,,,,,,,,,,,,,,,,,,,,,,,,,,,,,,,,,,
"2025-11-09 20:58:36.6791322Z","2025-11-09 20:58:36.6791322Z","ETW","Microsoft-Windows-Kernel-Audit-API-Calls",5,"PsOpenProcess"," 1448 WmiPrvSE.exe",6440,,," 6804 Notepad.exe",,,,,,,,,,,,,1762721916679132200,,,,,,,,,,,,,,,,,,,,,,,,,,,,1024,0,,,,,,,,,,,,,,,,,,,,,,,,,,,,,,,,,,,,,,,,,,,,,,,,,,,,,,,,
"2025-11-09 20:58:36.6791485Z","2025-11-09 20:58:36.6791485Z","ETW","Microsoft-Windows-Kernel-Audit-API-Calls",5,"PsOpenProcess"," 1448 WmiPrvSE.exe",6440,,," 6804 Notepad.exe",,,,,,,,,,,,,1762721916679148500,,,,,,,,,,,,,,,,,,,,,,,,,,,,1024,0,,,,,,,,,,,,,,,,,,,,,,,,,,,,,,,,,,,,,,,,,,,,,,,,,,,,,,,,
"2025-11-09 20:58:36.7257967Z","2025-11-09 20:58:36.7257967Z","ETW","Microsoft-Windows-Kernel-Audit-API-Calls",5,"PsOpenProcess"," 1448 WmiPrvSE.exe",6440,,," 8620 attack-372.exe",,,,,,,,,,,,,1762721916725796700,,,,,,,,,,,,,,,,,,,,,,,,,,,,1024,0,,,,,,,,,,,,,,,,,,,,,,,,,,,,,,,,,,,,,,,,,,,,,,,,,,,,,,,,
"2025-11-09 20:58:36.7258139Z","2025-11-09 20:58:36.7258139Z","ETW","Microsoft-Windows-Kernel-Audit-API-Calls",5,"PsOpenProcess"," 1448 WmiPrvSE.exe",6440,,," 8620 attack-372.exe",,,,,,,,,,,,,1762721916725813900,,,,,,,,,,,,,,,,,,,,,,,,,,,,1024,0,,,,,,,,,,,,,,,,,,,,,,,,,,,,,,,,,,,,,,,,,,,,,,,,,,,,,,,,
"2025-11-09 20:58:36.7259001Z","2025-11-09 20:58:36.7259001Z","ETW","Microsoft-Windows-Kernel-Audit-API-Calls",5,"PsOpenProcess"," 1448 WmiPrvSE.exe",6440,,," 6804 Notepad.exe",,,,,,,,,,,,,1762721916725900100,,,,,,,,,,,,,,,,,,,,,,,,,,,,1024,0,,,,,,,,,,,,,,,,,,,,,,,,,,,,,,,,,,,,,,,,,,,,,,,,,,,,,,,,
"2025-11-09 20:58:36.7259170Z","2025-11-09 20:58:36.7259170Z","ETW","Microsoft-Windows-Kernel-Audit-API-Calls",5,"PsOpenProcess"," 1448 WmiPrvSE.exe",6440,,," 6804 Notepad.exe",,,,,,,,,,,,,1762721916725917000,,,,,,,,,,,,,,,,,,,,,,,,,,,,1024,0,,,,,,,,,,,,,,,,,,,,,,,,,,,,,,,,,,,,,,,,,,,,,,,,,,,,,,,,
"2025-11-09 20:58:37.083179700Z","2025-11-09 20:58:37.0831828Z","myETW","Attack-Provider",1337,"Attack-Provider"," 8620 attack-372.exe",,,,,,"Before opening process handle",,,,,,,,,,,1762721917083182800,,,,,,,,,,,,,,,,,,,,,,,,,,,,,,,,,,,,,,,,,,,,,,,,,,,,,,,,,,,,,,,,,,,,,,,,,,,,,,,,,,,,,
"2025-11-09 20:58:37.0833625Z","2025-11-09 20:58:37.0833625Z","ETW","Microsoft-Windows-Kernel-Audit-API-Calls",5,"PsOpenProcess"," 8620 attack-372.exe",11148,,," 6804 Notepad.exe",,,,,,,,,,,,,1762721917083362500,,,,,,,,,,,,,,,,,,,,,,,,,,,,56,0,,,,,,,,,,,,,,,,,,,,,,,,,,,,,,,,,,,,,,,,,,,,,,,,,,,,,,,,
"2025-11-09 20:58:37.083365600Z","2025-11-09 20:58:37.0833668Z","myETW","Attack-Provider",1337,"Attack-Provider"," 8620 attack-372.exe",,,,,,"After opening process handle",,,,,,,,,,,1762721917083366900,,,,,,,,,,,,,,,,,,,,,,,,,,,,,,,,,,,,,,,,,,,,,,,,,,,,,,,,,,,,,,,,,,,,,,,,,,,,,,,,,,,,,
"2025-11-09 20:58:37.0834746Z","2025-11-09 20:58:37.0834746Z","ETW","Microsoft-Antimalware-Engine",53,"Behavior Monitoring  BmOpenProcess"," 3728 MsMpEng.exe",4104,," 8620 attack-372.exe"," 6804 Notepad.exe",,,,,,,,,,,,,1762721917083474600,,,,,,,,,,,,,,,,,,,,,,,,,,,,,,,,,,,,,,,,,,,,,,,,,,4152,false,,,,,,,,,,,,,,,,,,,,,,,,,,,,,,,,,,
"2025-11-09 20:58:37.1488530Z","2025-11-09 20:58:37.1488530Z","ETW","Microsoft-Windows-Kernel-Network",12,"KERNEL_NETWORK_TASK_TCPIP Connection attempted. ","    0 [System Process]",0,," 3764 MsSense.exe",,,,,,,,,,,,,,1762721917148853100,,,,,,,,,,,,,,,,,,,,,,,,,,,,,,,,,,,,,,,,,,,,,,,,,,,,,,,,,,,0,2764924723,47873,1440,65535,8,1,409671084,0,0,8,65476,0,1,,,,,,,,,,,,,
"2025-11-09 20:58:38.063998300Z","2025-11-09 20:58:38.0640025Z","myETW","Attack-Provider",1337,"Attack-Provider"," 8620 attack-372.exe",,,,,,"Before reading local memory",,,,,,,,,,,1762721918064002500,,,,,,,,,,,,,,,,,,,,,,,,,,,,,,,,,,,,,,,,,,,,,,,,,,,,,,,,,,,,,,,,,,,,,,,,,,,,,,,,,,,,,
"2025-11-09 20:58:38.064421100Z","2025-11-09 20:58:38.0644219Z","myETW","Attack-Provider",1337,"Attack-Provider"," 8620 attack-372.exe",,,,,,"After reading local memory, at: 000000550B6FF6A0",,,,,,,,,,,1762721918064421900,,,,,,,,,,,,,,,,,,,,,,,,,,,,,,,,,,,,,,,,,,,,,,,,,,,,,,,,,,,,,,,,,,,,,,,,,,,,,,,,,,,,,
"2025-11-09 20:58:39.044637300Z","2025-11-09 20:58:39.0446492Z","myETW","Attack-Provider",1337,"Attack-Provider"," 8620 attack-372.exe",,,,,,"Before allocating memory for shellcode",,,,,,,,,,,1762721919044649200,,,,,,,,,,,,,,,,,,,,,,,,,,,,,,,,,,,,,,,,,,,,,,,,,,,,,,,,,,,,,,,,,,,,,,,,,,,,,,,,,,,,,
"2025-11-09 20:58:39.044971800Z","2025-11-09 20:58:39.0449725Z","myETW","Attack-Provider",1337,"Attack-Provider"," 8620 attack-372.exe",,,,,,"After allocating memory for shellcode, at: 000001D80EDA0000",,,,,,,,,,,1762721919044972500,,,,,,,,,,,,,,,,,,,,,,,,,,,,,,,,,,,,,,,,,,,,,,,,,,,,,,,,,,,,,,,,,,,,,,,,,,,,,,,,,,,,,
"2025-11-09 20:58:39.1650919Z","2025-11-09 20:58:39.1650919Z","ETW","Microsoft-Windows-Kernel-Process",2,"ProcessStop Stop "," 6804 Notepad.exe",6296,,," 6804 Notepad.exe",,,"Notepad.exe",,,,,,,,,,1762721919165091900,,,,,,,,134071955160798090,,,,,,,,597,,,,,,,,,,,,,,,,,,,,,,,,,,,,,,,,,,,,,,,,,,,,,,,,,,,,,,,,,3125248,3162112,182980515,0,134071955191627997,80,0,0,0,1,0,0,
"2025-11-09 20:58:39.1653619Z","2025-11-09 20:58:39.1653619Z","ETW","Microsoft-Antimalware-Engine",26,"Behavior Monitoring  BmProcessTerminate"," 3728 MsMpEng.exe",4104,," 6804 Notepad.exe",,,,,,,,,,,,,,1762721919165361900,,,,,,,,,,,,,,,,,,,,,,,,,,,,,,,,,,,,,,,,,,,,,,,,,,,,,,,,,,,,,,,,,,,,,,,,,,,,,,,,,,,,,
"2025-11-09 20:58:39.1653818Z","2025-11-09 20:58:39.1653818Z","ETW","Microsoft-Antimalware-Engine",73,"Behavior Monitoring  ProcessMonitorFlags"," 3728 MsMpEng.exe",4104,," 6804 Notepad.exe",,,,"C:\Program Files\WindowsApps\Microsoft.WindowsNotepad_11.2508.38.0_x64__8wekyb3d8bbwe\Notepad\Notepad.exe",,,,,,,,,,1762721919165381800,,,,,,,,,"0x400003DF",,,,,,,,,,,,,,,,,,,,,134071955160798090,140734750392320,"0x0","0x44","0x0","0x0","0x0","Termination",,,,,,,,,,,,,,,,,,,,,,,,,,,,,,,,,,,,,,,,,,,,,,,,
"2025-11-09 20:58:39.1654866Z","2025-11-09 20:58:39.1654866Z","ETW","Microsoft-Windows-Kernel-Audit-API-Calls",5,"PsOpenProcess"," 3728 MsMpEng.exe",4104,,," 6804 Notepad.exe",,,,,,,,,,,,,1762721919165486700,,,,,,,,,,,,,,,,,,,,,,,,,,,,5136,0,,,,,,,,,,,,,,,,,,,,,,,,,,,,,,,,,,,,,,,,,,,,,,,,,,,,,,,,
"2025-11-09 20:58:40.016008300Z","2025-11-09 20:58:40.0160130Z","myETW","Attack-Provider",1337,"Attack-Provider"," 8620 attack-372.exe",,,,,,"Before writing shellcode to process",,,,,,,,,,,1762721920016013000,,,,,,,,,,,,,,,,,,,,,,,,,,,,,,,,,,,,,,,,,,,,,,,,,,,,,,,,,,,,,,,,,,,,,,,,,,,,,,,,,,,,,
"2025-11-09 20:58:40.016372100Z","2025-11-09 20:58:40.0163730Z","myETW","Attack-Provider",1337,"Attack-Provider"," 8620 attack-372.exe",,,,,,"Failed to write memory: 5",,,,,,,,,,,1762721920016373000,,,,,,,,,,,,,,,,,,,,,,,,,,,,,,,,,,,,,,,,,,,,,,,,,,,,,,,,,,,,,,,,,,,,,,,,,,,,,,,,,,,,,
"2025-11-09 20:58:40.0167907Z","2025-11-09 20:58:40.0167907Z","ETW","Microsoft-Windows-Kernel-Process",4,"ThreadStop Stop "," 8620 attack-372.exe",6636,,," 8620 attack-372.exe",,,,,,,,,,,,,1762721920016790700,,,,,,,,,,,,,,,,,,,,,,,,,,,,,,,,,,,,,,,,,18446651185698406400,18446651185698377728,140735219981248,0,365261672448,6636,365269352448,365269344256,140735219981248,,,,,,,,,,,,,,,,,,,,,,,,,,,,,,,,,,,,1919216
"2025-11-09 20:58:40.0168159Z","2025-11-09 20:58:40.0168159Z","ETW","Microsoft-Windows-Kernel-Process",4,"ThreadStop Stop "," 8620 attack-372.exe",6796,,," 8620 attack-372.exe",,,,,,,,,,,,,1762721920016815900,,,,,,,,,,,,,,,,,,,,,,,,,,,,,,,,,,,,,,,,,18446651185697456128,18446651185697427456,140735210965680,0,365261680640,6796,365270401024,365270392832,140735210965680,,,,,,,,,,,,,,,,,,,,,,,,,,,,,,,,,,,,345135
"2025-11-09 20:58:40.0168295Z","2025-11-09 20:58:40.0168295Z","ETW","Microsoft-Windows-Kernel-Process",4,"ThreadStop Stop "," 8620 attack-372.exe",9356,,," 8620 attack-372.exe",,,,,,,,,,,,,1762721920016829500,,,,,,,,,,,,,,,,,,,,,,,,,,,,,,,,,,,,,,,,,18446651185697161216,18446651185697132544,140735219981248,0,365261639680,9356,365265158144,365265145856,140735219981248,,,,,,,,,,,,,,,,,,,,,,,,,,,,,,,,,,,,11450495
"2025-11-09 20:58:40.0168548Z","2025-11-09 20:58:40.0168548Z","ETW","Microsoft-Windows-Kernel-Process",4,"ThreadStop Stop "," 8620 attack-372.exe",7964,,," 8620 attack-372.exe",,,,,,,,,,,,,1762721920016854800,,,,,,,,,,,,,,,,,,,,,,,,,,,,,,,,,,,,,,,,,18446651185694441472,18446651185694412800,140735219981248,0,365261656064,7964,365267255296,365267247104,140735219981248,,,,,,,,,,,,,,,,,,,,,,,,,,,,,,,,,,,,4695919
"2025-11-09 20:58:40.0168565Z","2025-11-09 20:58:40.0168565Z","ETW","Microsoft-Windows-Kernel-Process",4,"ThreadStop Stop "," 8620 attack-372.exe",11012,,," 8620 attack-372.exe",,,,,,,,,,,,,1762721920016856500,,,,,,,,,,,,,,,,,,,,,,,,,,,,,,,,,,,,,,,,,18446651185697128448,18446651185697099776,140735219981248,0,365261647872,11012,365266206720,365266198528,140735219981248,,,,,,,,,,,,,,,,,,,,,,,,,,,,,,,,,,,,6662003
"2025-11-09 20:58:40.0168730Z","2025-11-09 20:58:40.0168730Z","ETW","Microsoft-Windows-Kernel-Process",4,"ThreadStop Stop "," 8620 attack-372.exe",5936,,," 8620 attack-372.exe",,,,,,,,,,,,,1762721920016873100,,,,,,,,,,,,,,,,,,,,,,,,,,,,,,,,,,,,,,,,,18446651185659576320,18446651185659547648,140735219981248,0,365261664256,5936,365268303872,365268295680,140735219981248,,,,,,,,,,,,,,,,,,,,,,,,,,,,,,,,,,,,3277769
"2025-11-09 20:58:40.0199649Z","2025-11-09 20:58:40.0199649Z","ETW","Microsoft-Windows-Kernel-Process",4,"ThreadStop Stop "," 8620 attack-372.exe",11148,,," 8620 attack-372.exe",,,,,,,,,,,,,1762721920019964900,,,,,,,,,,,,,,,,,,,,,,,,,,,,,,,,,,,,,,,,,18446651185680515072,18446651185680486400,140700690829264,0,365261631488,11148,365264109568,365264072704,140700690829264,,,,,,,,,,,,,,,,,,,,,,,,,,,,,,,,,,,,151983176
"2025-11-09 20:58:40.0218477Z","2025-11-09 20:58:40.0218477Z","ETW","Microsoft-Windows-Kernel-Process",2,"ProcessStop Stop "," 8620 attack-372.exe",11148,,," 8620 attack-372.exe",,,"attack-372.exe",,,,,,,,,,1762721920021847700,,,,,,,,134071955149669025,,,,,,,,595,,,,,,,,,,,,,,,,,,,,,,,,,,,,,,,,,,,,,,,,,,,,,,,,,,,,,,,,,1961984,1974272,186553663,1,134071955200204637,114,11,0,0,1,36,0,
"2025-11-09 20:58:40.0221439Z","2025-11-09 20:58:40.0221439Z","ETW","Microsoft-Antimalware-Engine",26,"Behavior Monitoring  BmProcessTerminate"," 3728 MsMpEng.exe",3932,," 8620 attack-372.exe",,,,,,,,,,,,,,1762721920022143900,,,,,,,,,,,,,,,,,,,,,,,,,,,,,,,,,,,,,,,,,,,,,,,,,,,,,,,,,,,,,,,,,,,,,,,,,,,,,,,,,,,,,
"2025-11-09 20:58:40.0221629Z","2025-11-09 20:58:40.0221629Z","ETW","Microsoft-Antimalware-Engine",73,"Behavior Monitoring  ProcessMonitorFlags"," 3728 MsMpEng.exe",3932,," 8620 attack-372.exe",,,,"C:\Users\Public\Downloads\attack-372.exe",,,,,,,,,,1762721920022162900,,,,,,,,,"0x400003FF",,,,,,,,,,,,,,,,,,,,,134071955149669025,140734750392320,"0x0","0x44","0x0","0x0","0x0","Termination",,,,,,,,,,,,,,,,,,,,,,,,,,,,,,,,,,,,,,,,,,,,,,,,
"2025-11-09 20:58:40.0222396Z","2025-11-09 20:58:40.0222396Z","ETW","Microsoft-Windows-Kernel-Audit-API-Calls",5,"PsOpenProcess"," 3728 MsMpEng.exe",3932,,," 8620 attack-372.exe",,,,,,,,,,,,,1762721920022239600,,,,,,,,,,,,,,,,,,,,,,,,,,,,5136,0,,,,,,,,,,,,,,,,,,,,,,,,,,,,,,,,,,,,,,,,,,,,,,,,,,,,,,,,
"2025-11-09 20:58:42.2889314Z","2025-11-09 20:58:42.2889314Z","ETW","Microsoft-Windows-Kernel-Network",12,"KERNEL_NETWORK_TASK_TCPIP Connection attempted. ","    0 [System Process]",0,," 3764 MsSense.exe",,,,,,,,,,,,,,1762721922288931400,,,,,,,,,,,,,,,,,,,,,,,,,,,,,,,,,,,,,,,,,,,,,,,,,,,,,,,,,,,0,412536852,47873,1440,65535,8,1,409671084,0,0,10,453,0,1,,,,,,,,,,,,,
"2025-11-09 20:58:43.6731928Z","2025-11-09 20:58:43.6731928Z","ETW","Microsoft-Windows-Kernel-File",30,"CreateNewFile Info "," 3764 MsSense.exe",2288,,,,,,"C:\Users\admin3\AppData\Local\Microsoft\TokenBroker\Cache\85238ae6363cbc8faf0b33fa874845f13d1fe12b.tbres",,,,,,,,,,1762721923673192800,4,33685600,18446714964508758304,18446714964490401848,2288,0,,,,,,,,,,,,,,,,,,,,,,,,,,,,,,,,,,,,,,,,,,,,,,,,,,,,,,,,,,,,,,,,,,,,,,,,,,,,,,,
"2025-11-09 20:58:43.6732068Z","2025-11-09 20:58:43.6732068Z","ETW","Microsoft-Windows-Kernel-File",10,"NameCreate Info "," 3764 MsSense.exe",2288,,,,,,"C:\Users\admin3\AppData\Local\Microsoft\TokenBroker\Cache\85238ae6363cbc8faf0b33fa874845f13d1fe12b.tbres",,,,,,,,,,1762721923673206800,,,,,,,18446691344086831488,,,,,,,,,,,,,,,,,,,,,,,,,,,,,,,,,,,,,,,,,,,,,,,,,,,,,,,,,,,,,,,,,,,,,,,,,,,,,,
"2025-11-09 20:58:44.1666481Z","2025-11-09 20:58:44.1666481Z","ETW","Microsoft-Windows-Kernel-Network",12,"KERNEL_NETWORK_TASK_TCPIP Connection attempted. ","    0 [System Process]",0,," 3528 MpDefenderCoreService.exe",,,,,,,,,,,,,,1762721924166648100,,,,,,,,,,,,,,,,,,,,,,,,,,,,,,,,,,,,,,,,,,,,,,,,,,,,,,,,,,,0,2764924723,47873,1440,262144,8,1,409671084,0,0,8,709,0,1,,,,,,,,,,,,,
